Provincias;Municipios;Edad (grupos quinquenales);Sexo;Periodo;Total
02 Albacete;02001 Abengibre;Todas las edades;Total;1 de enero de 2022;739
02 Albacete;02001 Abengibre;Todas las edades;Total;1 de enero de 2021;748
02 Albacete;02001 Abengibre;Todas las edades;Total;1 de enero de 2020;761
02 Albacete;02001 Abengibre;Todas las edades;Total;1 de enero de 2019;790
02 Albacete;02001 Abengibre;Todas las edades;Total;1 de enero de 2018;757
02 Albacete;02001 Abengibre;Todas las edades;Total;1 de enero de 2017;748
02 Albacete;02001 Abengibre;Todas las edades;Total;1 de enero de 2016;761
02 Albacete;02001 Abengibre;Todas las edades;Total;1 de enero de 2015;782
02 Albacete;02001 Abengibre;Todas las edades;Total;1 de enero de 2014;775
02 Albacete;02001 Abengibre;Todas las edades;Total;1 de enero de 2013;819
02 Albacete;02001 Abengibre;Todas las edades;Total;1 de enero de 2012;888
02 Albacete;02001 Abengibre;Todas las edades;Total;1 de enero de 2011;902
02 Albacete;02001 Abengibre;Todas las edades;Total;1 de enero de 2010;932
02 Albacete;02002 Alatoz;Todas las edades;Total;1 de enero de 2022;496
02 Albacete;02002 Alatoz;Todas las edades;Total;1 de enero de 2021;496
02 Albacete;02002 Alatoz;Todas las edades;Total;1 de enero de 2020;506
02 Albacete;02002 Alatoz;Todas las edades;Total;1 de enero de 2019;519
02 Albacete;02002 Alatoz;Todas las edades;Total;1 de enero de 2018;529
02 Albacete;02002 Alatoz;Todas las edades;Total;1 de enero de 2017;555
02 Albacete;02002 Alatoz;Todas las edades;Total;1 de enero de 2016;582
02 Albacete;02002 Alatoz;Todas las edades;Total;1 de enero de 2015;610
02 Albacete;02002 Alatoz;Todas las edades;Total;1 de enero de 2014;580
02 Albacete;02002 Alatoz;Todas las edades;Total;1 de enero de 2013;572
02 Albacete;02002 Alatoz;Todas las edades;Total;1 de enero de 2012;599
02 Albacete;02002 Alatoz;Todas las edades;Total;1 de enero de 2011;604
02 Albacete;02002 Alatoz;Todas las edades;Total;1 de enero de 2010;599
02 Albacete;02003 Albacete;Todas las edades;Total;1 de enero de 2022;172.357
02 Albacete;02003 Albacete;Todas las edades;Total;1 de enero de 2021;172.722
02 Albacete;02003 Albacete;Todas las edades;Total;1 de enero de 2020;174.336
02 Albacete;02003 Albacete;Todas las edades;Total;1 de enero de 2019;173.329
02 Albacete;02003 Albacete;Todas las edades;Total;1 de enero de 2018;173.050
02 Albacete;02003 Albacete;Todas las edades;Total;1 de enero de 2017;172.816
02 Albacete;02003 Albacete;Todas las edades;Total;1 de enero de 2016;172.426
02 Albacete;02003 Albacete;Todas las edades;Total;1 de enero de 2015;172.121
02 Albacete;02003 Albacete;Todas las edades;Total;1 de enero de 2014;172.487
02 Albacete;02003 Albacete;Todas las edades;Total;1 de enero de 2013;172.693
02 Albacete;02003 Albacete;Todas las edades;Total;1 de enero de 2012;172.472
02 Albacete;02003 Albacete;Todas las edades;Total;1 de enero de 2011;171.390
02 Albacete;02003 Albacete;Todas las edades;Total;1 de enero de 2010;170.475
02 Albacete;02004 Albatana;Todas las edades;Total;1 de enero de 2022;670
02 Albacete;02004 Albatana;Todas las edades;Total;1 de enero de 2021;681
02 Albacete;02004 Albatana;Todas las edades;Total;1 de enero de 2020;679
02 Albacete;02004 Albatana;Todas las edades;Total;1 de enero de 2019;692
02 Albacete;02004 Albatana;Todas las edades;Total;1 de enero de 2018;693
02 Albacete;02004 Albatana;Todas las edades;Total;1 de enero de 2017;698
02 Albacete;02004 Albatana;Todas las edades;Total;1 de enero de 2016;714
02 Albacete;02004 Albatana;Todas las edades;Total;1 de enero de 2015;744
02 Albacete;02004 Albatana;Todas las edades;Total;1 de enero de 2014;748
02 Albacete;02004 Albatana;Todas las edades;Total;1 de enero de 2013;774
02 Albacete;02004 Albatana;Todas las edades;Total;1 de enero de 2012;782
02 Albacete;02004 Albatana;Todas las edades;Total;1 de enero de 2011;794
02 Albacete;02004 Albatana;Todas las edades;Total;1 de enero de 2010;812
02 Albacete;02005 Alborea;Todas las edades;Total;1 de enero de 2022;663
02 Albacete;02005 Alborea;Todas las edades;Total;1 de enero de 2021;670
02 Albacete;02005 Alborea;Todas las edades;Total;1 de enero de 2020;664
02 Albacete;02005 Alborea;Todas las edades;Total;1 de enero de 2019;658
02 Albacete;02005 Alborea;Todas las edades;Total;1 de enero de 2018;650
02 Albacete;02005 Alborea;Todas las edades;Total;1 de enero de 2017;697
02 Albacete;02005 Alborea;Todas las edades;Total;1 de enero de 2016;710
02 Albacete;02005 Alborea;Todas las edades;Total;1 de enero de 2015;754
02 Albacete;02005 Alborea;Todas las edades;Total;1 de enero de 2014;778
02 Albacete;02005 Alborea;Todas las edades;Total;1 de enero de 2013;825
02 Albacete;02005 Alborea;Todas las edades;Total;1 de enero de 2012;849
02 Albacete;02005 Alborea;Todas las edades;Total;1 de enero de 2011;848
02 Albacete;02005 Alborea;Todas las edades;Total;1 de enero de 2010;883
02 Albacete;02006 Alcadozo;Todas las edades;Total;1 de enero de 2022;634
02 Albacete;02006 Alcadozo;Todas las edades;Total;1 de enero de 2021;632
02 Albacete;02006 Alcadozo;Todas las edades;Total;1 de enero de 2020;647
02 Albacete;02006 Alcadozo;Todas las edades;Total;1 de enero de 2019;654
02 Albacete;02006 Alcadozo;Todas las edades;Total;1 de enero de 2018;655
02 Albacete;02006 Alcadozo;Todas las edades;Total;1 de enero de 2017;662
02 Albacete;02006 Alcadozo;Todas las edades;Total;1 de enero de 2016;688
02 Albacete;02006 Alcadozo;Todas las edades;Total;1 de enero de 2015;699
02 Albacete;02006 Alcadozo;Todas las edades;Total;1 de enero de 2014;684
02 Albacete;02006 Alcadozo;Todas las edades;Total;1 de enero de 2013;708
02 Albacete;02006 Alcadozo;Todas las edades;Total;1 de enero de 2012;723
02 Albacete;02006 Alcadozo;Todas las edades;Total;1 de enero de 2011;734
02 Albacete;02006 Alcadozo;Todas las edades;Total;1 de enero de 2010;737
02 Albacete;02007 Alcalá del Júcar;Todas las edades;Total;1 de enero de 2022;1.148
02 Albacete;02007 Alcalá del Júcar;Todas las edades;Total;1 de enero de 2021;1.153
02 Albacete;02007 Alcalá del Júcar;Todas las edades;Total;1 de enero de 2020;1.194
02 Albacete;02007 Alcalá del Júcar;Todas las edades;Total;1 de enero de 2019;1.170
02 Albacete;02007 Alcalá del Júcar;Todas las edades;Total;1 de enero de 2018;1.199
02 Albacete;02007 Alcalá del Júcar;Todas las edades;Total;1 de enero de 2017;1.202
02 Albacete;02007 Alcalá del Júcar;Todas las edades;Total;1 de enero de 2016;1.217
02 Albacete;02007 Alcalá del Júcar;Todas las edades;Total;1 de enero de 2015;1.250
02 Albacete;02007 Alcalá del Júcar;Todas las edades;Total;1 de enero de 2014;1.307
02 Albacete;02007 Alcalá del Júcar;Todas las edades;Total;1 de enero de 2013;1.314
02 Albacete;02007 Alcalá del Júcar;Todas las edades;Total;1 de enero de 2012;1.346
02 Albacete;02007 Alcalá del Júcar;Todas las edades;Total;1 de enero de 2011;1.350
02 Albacete;02007 Alcalá del Júcar;Todas las edades;Total;1 de enero de 2010;1.381
02 Albacete;02008 Alcaraz;Todas las edades;Total;1 de enero de 2022;1.307
02 Albacete;02008 Alcaraz;Todas las edades;Total;1 de enero de 2021;1.310
02 Albacete;02008 Alcaraz;Todas las edades;Total;1 de enero de 2020;1.324
02 Albacete;02008 Alcaraz;Todas las edades;Total;1 de enero de 2019;1.351
02 Albacete;02008 Alcaraz;Todas las edades;Total;1 de enero de 2018;1.405
02 Albacete;02008 Alcaraz;Todas las edades;Total;1 de enero de 2017;1.414
02 Albacete;02008 Alcaraz;Todas las edades;Total;1 de enero de 2016;1.463
02 Albacete;02008 Alcaraz;Todas las edades;Total;1 de enero de 2015;1.529
02 Albacete;02008 Alcaraz;Todas las edades;Total;1 de enero de 2014;1.533
02 Albacete;02008 Alcaraz;Todas las edades;Total;1 de enero de 2013;1.551
02 Albacete;02008 Alcaraz;Todas las edades;Total;1 de enero de 2012;1.597
02 Albacete;02008 Alcaraz;Todas las edades;Total;1 de enero de 2011;1.608
02 Albacete;02008 Alcaraz;Todas las edades;Total;1 de enero de 2010;1.642
02 Albacete;02009 Almansa;Todas las edades;Total;1 de enero de 2022;24.224
02 Albacete;02009 Almansa;Todas las edades;Total;1 de enero de 2021;24.388
02 Albacete;02009 Almansa;Todas las edades;Total;1 de enero de 2020;24.511
02 Albacete;02009 Almansa;Todas las edades;Total;1 de enero de 2019;24.419
02 Albacete;02009 Almansa;Todas las edades;Total;1 de enero de 2018;24.537
02 Albacete;02009 Almansa;Todas las edades;Total;1 de enero de 2017;24.566
02 Albacete;02009 Almansa;Todas las edades;Total;1 de enero de 2016;24.800
02 Albacete;02009 Almansa;Todas las edades;Total;1 de enero de 2015;24.837
02 Albacete;02009 Almansa;Todas las edades;Total;1 de enero de 2014;25.024
02 Albacete;02009 Almansa;Todas las edades;Total;1 de enero de 2013;25.279
02 Albacete;02009 Almansa;Todas las edades;Total;1 de enero de 2012;25.374
02 Albacete;02009 Almansa;Todas las edades;Total;1 de enero de 2011;25.432
02 Albacete;02009 Almansa;Todas las edades;Total;1 de enero de 2010;25.654
02 Albacete;02010 Alpera;Todas las edades;Total;1 de enero de 2022;2.245
02 Albacete;02010 Alpera;Todas las edades;Total;1 de enero de 2021;2.285
02 Albacete;02010 Alpera;Todas las edades;Total;1 de enero de 2020;2.261
02 Albacete;02010 Alpera;Todas las edades;Total;1 de enero de 2019;2.265
02 Albacete;02010 Alpera;Todas las edades;Total;1 de enero de 2018;2.275
02 Albacete;02010 Alpera;Todas las edades;Total;1 de enero de 2017;2.290
02 Albacete;02010 Alpera;Todas las edades;Total;1 de enero de 2016;2.289
02 Albacete;02010 Alpera;Todas las edades;Total;1 de enero de 2015;2.326
02 Albacete;02010 Alpera;Todas las edades;Total;1 de enero de 2014;2.358
02 Albacete;02010 Alpera;Todas las edades;Total;1 de enero de 2013;2.406
02 Albacete;02010 Alpera;Todas las edades;Total;1 de enero de 2012;2.417
02 Albacete;02010 Alpera;Todas las edades;Total;1 de enero de 2011;2.438
02 Albacete;02010 Alpera;Todas las edades;Total;1 de enero de 2010;2.414
02 Albacete;02011 Ayna;Todas las edades;Total;1 de enero de 2022;582
02 Albacete;02011 Ayna;Todas las edades;Total;1 de enero de 2021;582
02 Albacete;02011 Ayna;Todas las edades;Total;1 de enero de 2020;591
02 Albacete;02011 Ayna;Todas las edades;Total;1 de enero de 2019;616
02 Albacete;02011 Ayna;Todas las edades;Total;1 de enero de 2018;638
02 Albacete;02011 Ayna;Todas las edades;Total;1 de enero de 2017;672
02 Albacete;02011 Ayna;Todas las edades;Total;1 de enero de 2016;690
02 Albacete;02011 Ayna;Todas las edades;Total;1 de enero de 2015;717
02 Albacete;02011 Ayna;Todas las edades;Total;1 de enero de 2014;719
02 Albacete;02011 Ayna;Todas las edades;Total;1 de enero de 2013;751
02 Albacete;02011 Ayna;Todas las edades;Total;1 de enero de 2012;794
02 Albacete;02011 Ayna;Todas las edades;Total;1 de enero de 2011;806
02 Albacete;02011 Ayna;Todas las edades;Total;1 de enero de 2010;808
02 Albacete;02012 Balazote;Todas las edades;Total;1 de enero de 2022;2.388
02 Albacete;02012 Balazote;Todas las edades;Total;1 de enero de 2021;2.363
02 Albacete;02012 Balazote;Todas las edades;Total;1 de enero de 2020;2.327
02 Albacete;02012 Balazote;Todas las edades;Total;1 de enero de 2019;2.334
02 Albacete;02012 Balazote;Todas las edades;Total;1 de enero de 2018;2.360
02 Albacete;02012 Balazote;Todas las edades;Total;1 de enero de 2017;2.350
02 Albacete;02012 Balazote;Todas las edades;Total;1 de enero de 2016;2.346
02 Albacete;02012 Balazote;Todas las edades;Total;1 de enero de 2015;2.378
02 Albacete;02012 Balazote;Todas las edades;Total;1 de enero de 2014;2.417
02 Albacete;02012 Balazote;Todas las edades;Total;1 de enero de 2013;2.401
02 Albacete;02012 Balazote;Todas las edades;Total;1 de enero de 2012;2.447
02 Albacete;02012 Balazote;Todas las edades;Total;1 de enero de 2011;2.461
02 Albacete;02012 Balazote;Todas las edades;Total;1 de enero de 2010;2.448
02 Albacete;02014 Ballestero, El;Todas las edades;Total;1 de enero de 2022;427
02 Albacete;02014 Ballestero, El;Todas las edades;Total;1 de enero de 2021;413
02 Albacete;02014 Ballestero, El;Todas las edades;Total;1 de enero de 2020;396
02 Albacete;02014 Ballestero, El;Todas las edades;Total;1 de enero de 2019;405
02 Albacete;02014 Ballestero, El;Todas las edades;Total;1 de enero de 2018;409
02 Albacete;02014 Ballestero, El;Todas las edades;Total;1 de enero de 2017;414
02 Albacete;02014 Ballestero, El;Todas las edades;Total;1 de enero de 2016;427
02 Albacete;02014 Ballestero, El;Todas las edades;Total;1 de enero de 2015;442
02 Albacete;02014 Ballestero, El;Todas las edades;Total;1 de enero de 2014;459
02 Albacete;02014 Ballestero, El;Todas las edades;Total;1 de enero de 2013;462
02 Albacete;02014 Ballestero, El;Todas las edades;Total;1 de enero de 2012;465
02 Albacete;02014 Ballestero, El;Todas las edades;Total;1 de enero de 2011;473
02 Albacete;02014 Ballestero, El;Todas las edades;Total;1 de enero de 2010;479
02 Albacete;02013 Balsa de Ves;Todas las edades;Total;1 de enero de 2022;126
02 Albacete;02013 Balsa de Ves;Todas las edades;Total;1 de enero de 2021;129
02 Albacete;02013 Balsa de Ves;Todas las edades;Total;1 de enero de 2020;131
02 Albacete;02013 Balsa de Ves;Todas las edades;Total;1 de enero de 2019;158
02 Albacete;02013 Balsa de Ves;Todas las edades;Total;1 de enero de 2018;150
02 Albacete;02013 Balsa de Ves;Todas las edades;Total;1 de enero de 2017;136
02 Albacete;02013 Balsa de Ves;Todas las edades;Total;1 de enero de 2016;155
02 Albacete;02013 Balsa de Ves;Todas las edades;Total;1 de enero de 2015;172
02 Albacete;02013 Balsa de Ves;Todas las edades;Total;1 de enero de 2014;176
02 Albacete;02013 Balsa de Ves;Todas las edades;Total;1 de enero de 2013;179
02 Albacete;02013 Balsa de Ves;Todas las edades;Total;1 de enero de 2012;191
02 Albacete;02013 Balsa de Ves;Todas las edades;Total;1 de enero de 2011;213
02 Albacete;02013 Balsa de Ves;Todas las edades;Total;1 de enero de 2010;209
02 Albacete;02015 Barrax;Todas las edades;Total;1 de enero de 2022;1.831
02 Albacete;02015 Barrax;Todas las edades;Total;1 de enero de 2021;1.808
02 Albacete;02015 Barrax;Todas las edades;Total;1 de enero de 2020;1.799
02 Albacete;02015 Barrax;Todas las edades;Total;1 de enero de 2019;1.833
02 Albacete;02015 Barrax;Todas las edades;Total;1 de enero de 2018;1.864
02 Albacete;02015 Barrax;Todas las edades;Total;1 de enero de 2017;1.872
02 Albacete;02015 Barrax;Todas las edades;Total;1 de enero de 2016;1.903
02 Albacete;02015 Barrax;Todas las edades;Total;1 de enero de 2015;1.915
02 Albacete;02015 Barrax;Todas las edades;Total;1 de enero de 2014;1.920
02 Albacete;02015 Barrax;Todas las edades;Total;1 de enero de 2013;1.934
02 Albacete;02015 Barrax;Todas las edades;Total;1 de enero de 2012;2.027
02 Albacete;02015 Barrax;Todas las edades;Total;1 de enero de 2011;2.063
02 Albacete;02015 Barrax;Todas las edades;Total;1 de enero de 2010;2.053
02 Albacete;02016 Bienservida;Todas las edades;Total;1 de enero de 2022;574
02 Albacete;02016 Bienservida;Todas las edades;Total;1 de enero de 2021;595
02 Albacete;02016 Bienservida;Todas las edades;Total;1 de enero de 2020;579
02 Albacete;02016 Bienservida;Todas las edades;Total;1 de enero de 2019;603
02 Albacete;02016 Bienservida;Todas las edades;Total;1 de enero de 2018;610
02 Albacete;02016 Bienservida;Todas las edades;Total;1 de enero de 2017;615
02 Albacete;02016 Bienservida;Todas las edades;Total;1 de enero de 2016;634
02 Albacete;02016 Bienservida;Todas las edades;Total;1 de enero de 2015;664
02 Albacete;02016 Bienservida;Todas las edades;Total;1 de enero de 2014;668
02 Albacete;02016 Bienservida;Todas las edades;Total;1 de enero de 2013;696
02 Albacete;02016 Bienservida;Todas las edades;Total;1 de enero de 2012;712
02 Albacete;02016 Bienservida;Todas las edades;Total;1 de enero de 2011;729
02 Albacete;02016 Bienservida;Todas las edades;Total;1 de enero de 2010;743
02 Albacete;02017 Bogarra;Todas las edades;Total;1 de enero de 2022;756
02 Albacete;02017 Bogarra;Todas las edades;Total;1 de enero de 2021;768
02 Albacete;02017 Bogarra;Todas las edades;Total;1 de enero de 2020;807
02 Albacete;02017 Bogarra;Todas las edades;Total;1 de enero de 2019;842
02 Albacete;02017 Bogarra;Todas las edades;Total;1 de enero de 2018;873
02 Albacete;02017 Bogarra;Todas las edades;Total;1 de enero de 2017;908
02 Albacete;02017 Bogarra;Todas las edades;Total;1 de enero de 2016;920
02 Albacete;02017 Bogarra;Todas las edades;Total;1 de enero de 2015;947
02 Albacete;02017 Bogarra;Todas las edades;Total;1 de enero de 2014;955
02 Albacete;02017 Bogarra;Todas las edades;Total;1 de enero de 2013;970
02 Albacete;02017 Bogarra;Todas las edades;Total;1 de enero de 2012;996
02 Albacete;02017 Bogarra;Todas las edades;Total;1 de enero de 2011;1.009
02 Albacete;02017 Bogarra;Todas las edades;Total;1 de enero de 2010;1.015
02 Albacete;02018 Bonete;Todas las edades;Total;1 de enero de 2022;1.006
02 Albacete;02018 Bonete;Todas las edades;Total;1 de enero de 2021;1.031
02 Albacete;02018 Bonete;Todas las edades;Total;1 de enero de 2020;1.029
02 Albacete;02018 Bonete;Todas las edades;Total;1 de enero de 2019;1.049
02 Albacete;02018 Bonete;Todas las edades;Total;1 de enero de 2018;1.057
02 Albacete;02018 Bonete;Todas las edades;Total;1 de enero de 2017;1.103
02 Albacete;02018 Bonete;Todas las edades;Total;1 de enero de 2016;1.123
02 Albacete;02018 Bonete;Todas las edades;Total;1 de enero de 2015;1.127
02 Albacete;02018 Bonete;Todas las edades;Total;1 de enero de 2014;1.157
02 Albacete;02018 Bonete;Todas las edades;Total;1 de enero de 2013;1.209
02 Albacete;02018 Bonete;Todas las edades;Total;1 de enero de 2012;1.225
02 Albacete;02018 Bonete;Todas las edades;Total;1 de enero de 2011;1.220
02 Albacete;02018 Bonete;Todas las edades;Total;1 de enero de 2010;1.217
02 Albacete;02019 Bonillo, El;Todas las edades;Total;1 de enero de 2022;2.698
02 Albacete;02019 Bonillo, El;Todas las edades;Total;1 de enero de 2021;2.718
02 Albacete;02019 Bonillo, El;Todas las edades;Total;1 de enero de 2020;2.723
02 Albacete;02019 Bonillo, El;Todas las edades;Total;1 de enero de 2019;2.779
02 Albacete;02019 Bonillo, El;Todas las edades;Total;1 de enero de 2018;2.837
02 Albacete;02019 Bonillo, El;Todas las edades;Total;1 de enero de 2017;2.852
02 Albacete;02019 Bonillo, El;Todas las edades;Total;1 de enero de 2016;2.889
02 Albacete;02019 Bonillo, El;Todas las edades;Total;1 de enero de 2015;2.915
02 Albacete;02019 Bonillo, El;Todas las edades;Total;1 de enero de 2014;2.956
02 Albacete;02019 Bonillo, El;Todas las edades;Total;1 de enero de 2013;2.968
02 Albacete;02019 Bonillo, El;Todas las edades;Total;1 de enero de 2012;3.012
02 Albacete;02019 Bonillo, El;Todas las edades;Total;1 de enero de 2011;3.033
02 Albacete;02019 Bonillo, El;Todas las edades;Total;1 de enero de 2010;3.052
02 Albacete;02020 Carcelén;Todas las edades;Total;1 de enero de 2022;483
02 Albacete;02020 Carcelén;Todas las edades;Total;1 de enero de 2021;496
02 Albacete;02020 Carcelén;Todas las edades;Total;1 de enero de 2020;495
02 Albacete;02020 Carcelén;Todas las edades;Total;1 de enero de 2019;501
02 Albacete;02020 Carcelén;Todas las edades;Total;1 de enero de 2018;508
02 Albacete;02020 Carcelén;Todas las edades;Total;1 de enero de 2017;521
02 Albacete;02020 Carcelén;Todas las edades;Total;1 de enero de 2016;518
02 Albacete;02020 Carcelén;Todas las edades;Total;1 de enero de 2015;546
02 Albacete;02020 Carcelén;Todas las edades;Total;1 de enero de 2014;573
02 Albacete;02020 Carcelén;Todas las edades;Total;1 de enero de 2013;600
02 Albacete;02020 Carcelén;Todas las edades;Total;1 de enero de 2012;639
02 Albacete;02020 Carcelén;Todas las edades;Total;1 de enero de 2011;668
02 Albacete;02020 Carcelén;Todas las edades;Total;1 de enero de 2010;645
02 Albacete;02021 Casas de Juan Núñez;Todas las edades;Total;1 de enero de 2022;1.356
02 Albacete;02021 Casas de Juan Núñez;Todas las edades;Total;1 de enero de 2021;1.361
02 Albacete;02021 Casas de Juan Núñez;Todas las edades;Total;1 de enero de 2020;1.326
02 Albacete;02021 Casas de Juan Núñez;Todas las edades;Total;1 de enero de 2019;1.307
02 Albacete;02021 Casas de Juan Núñez;Todas las edades;Total;1 de enero de 2018;1.275
02 Albacete;02021 Casas de Juan Núñez;Todas las edades;Total;1 de enero de 2017;1.291
02 Albacete;02021 Casas de Juan Núñez;Todas las edades;Total;1 de enero de 2016;1.318
02 Albacete;02021 Casas de Juan Núñez;Todas las edades;Total;1 de enero de 2015;1.382
02 Albacete;02021 Casas de Juan Núñez;Todas las edades;Total;1 de enero de 2014;1.372
02 Albacete;02021 Casas de Juan Núñez;Todas las edades;Total;1 de enero de 2013;1.423
02 Albacete;02021 Casas de Juan Núñez;Todas las edades;Total;1 de enero de 2012;1.441
02 Albacete;02021 Casas de Juan Núñez;Todas las edades;Total;1 de enero de 2011;1.461
02 Albacete;02021 Casas de Juan Núñez;Todas las edades;Total;1 de enero de 2010;1.410
02 Albacete;02022 Casas de Lázaro;Todas las edades;Total;1 de enero de 2022;321
02 Albacete;02022 Casas de Lázaro;Todas las edades;Total;1 de enero de 2021;328
02 Albacete;02022 Casas de Lázaro;Todas las edades;Total;1 de enero de 2020;348
02 Albacete;02022 Casas de Lázaro;Todas las edades;Total;1 de enero de 2019;363
02 Albacete;02022 Casas de Lázaro;Todas las edades;Total;1 de enero de 2018;344
02 Albacete;02022 Casas de Lázaro;Todas las edades;Total;1 de enero de 2017;358
02 Albacete;02022 Casas de Lázaro;Todas las edades;Total;1 de enero de 2016;380
02 Albacete;02022 Casas de Lázaro;Todas las edades;Total;1 de enero de 2015;403
02 Albacete;02022 Casas de Lázaro;Todas las edades;Total;1 de enero de 2014;386
02 Albacete;02022 Casas de Lázaro;Todas las edades;Total;1 de enero de 2013;406
02 Albacete;02022 Casas de Lázaro;Todas las edades;Total;1 de enero de 2012;446
02 Albacete;02022 Casas de Lázaro;Todas las edades;Total;1 de enero de 2011;475
02 Albacete;02022 Casas de Lázaro;Todas las edades;Total;1 de enero de 2010;453
02 Albacete;02023 Casas de Ves;Todas las edades;Total;1 de enero de 2022;561
02 Albacete;02023 Casas de Ves;Todas las edades;Total;1 de enero de 2021;564
02 Albacete;02023 Casas de Ves;Todas las edades;Total;1 de enero de 2020;563
02 Albacete;02023 Casas de Ves;Todas las edades;Total;1 de enero de 2019;572
02 Albacete;02023 Casas de Ves;Todas las edades;Total;1 de enero de 2018;588
02 Albacete;02023 Casas de Ves;Todas las edades;Total;1 de enero de 2017;628
02 Albacete;02023 Casas de Ves;Todas las edades;Total;1 de enero de 2016;654
02 Albacete;02023 Casas de Ves;Todas las edades;Total;1 de enero de 2015;666
02 Albacete;02023 Casas de Ves;Todas las edades;Total;1 de enero de 2014;689
02 Albacete;02023 Casas de Ves;Todas las edades;Total;1 de enero de 2013;701
02 Albacete;02023 Casas de Ves;Todas las edades;Total;1 de enero de 2012;724
02 Albacete;02023 Casas de Ves;Todas las edades;Total;1 de enero de 2011;748
02 Albacete;02023 Casas de Ves;Todas las edades;Total;1 de enero de 2010;787
02 Albacete;02024 Casas-Ibáñez;Todas las edades;Total;1 de enero de 2022;4.547
02 Albacete;02024 Casas-Ibáñez;Todas las edades;Total;1 de enero de 2021;4.540
02 Albacete;02024 Casas-Ibáñez;Todas las edades;Total;1 de enero de 2020;4.544
02 Albacete;02024 Casas-Ibáñez;Todas las edades;Total;1 de enero de 2019;4.538
02 Albacete;02024 Casas-Ibáñez;Todas las edades;Total;1 de enero de 2018;4.522
02 Albacete;02024 Casas-Ibáñez;Todas las edades;Total;1 de enero de 2017;4.558
02 Albacete;02024 Casas-Ibáñez;Todas las edades;Total;1 de enero de 2016;4.555
02 Albacete;02024 Casas-Ibáñez;Todas las edades;Total;1 de enero de 2015;4.658
02 Albacete;02024 Casas-Ibáñez;Todas las edades;Total;1 de enero de 2014;4.713
02 Albacete;02024 Casas-Ibáñez;Todas las edades;Total;1 de enero de 2013;4.753
02 Albacete;02024 Casas-Ibáñez;Todas las edades;Total;1 de enero de 2012;4.843
02 Albacete;02024 Casas-Ibáñez;Todas las edades;Total;1 de enero de 2011;4.818
02 Albacete;02024 Casas-Ibáñez;Todas las edades;Total;1 de enero de 2010;4.761
02 Albacete;02025 Caudete;Todas las edades;Total;1 de enero de 2022;10.135
02 Albacete;02025 Caudete;Todas las edades;Total;1 de enero de 2021;10.077
02 Albacete;02025 Caudete;Todas las edades;Total;1 de enero de 2020;10.005
02 Albacete;02025 Caudete;Todas las edades;Total;1 de enero de 2019;9.963
02 Albacete;02025 Caudete;Todas las edades;Total;1 de enero de 2018;10.003
02 Albacete;02025 Caudete;Todas las edades;Total;1 de enero de 2017;10.010
02 Albacete;02025 Caudete;Todas las edades;Total;1 de enero de 2016;10.115
02 Albacete;02025 Caudete;Todas las edades;Total;1 de enero de 2015;10.163
02 Albacete;02025 Caudete;Todas las edades;Total;1 de enero de 2014;10.294
02 Albacete;02025 Caudete;Todas las edades;Total;1 de enero de 2013;10.250
02 Albacete;02025 Caudete;Todas las edades;Total;1 de enero de 2012;10.551
02 Albacete;02025 Caudete;Todas las edades;Total;1 de enero de 2011;10.477
02 Albacete;02025 Caudete;Todas las edades;Total;1 de enero de 2010;10.450
02 Albacete;02026 Cenizate;Todas las edades;Total;1 de enero de 2022;1.183
02 Albacete;02026 Cenizate;Todas las edades;Total;1 de enero de 2021;1.186
02 Albacete;02026 Cenizate;Todas las edades;Total;1 de enero de 2020;1.194
02 Albacete;02026 Cenizate;Todas las edades;Total;1 de enero de 2019;1.181
02 Albacete;02026 Cenizate;Todas las edades;Total;1 de enero de 2018;1.182
02 Albacete;02026 Cenizate;Todas las edades;Total;1 de enero de 2017;1.192
02 Albacete;02026 Cenizate;Todas las edades;Total;1 de enero de 2016;1.204
02 Albacete;02026 Cenizate;Todas las edades;Total;1 de enero de 2015;1.174
02 Albacete;02026 Cenizate;Todas las edades;Total;1 de enero de 2014;1.176
02 Albacete;02026 Cenizate;Todas las edades;Total;1 de enero de 2013;1.296
02 Albacete;02026 Cenizate;Todas las edades;Total;1 de enero de 2012;1.306
02 Albacete;02026 Cenizate;Todas las edades;Total;1 de enero de 2011;1.307
02 Albacete;02026 Cenizate;Todas las edades;Total;1 de enero de 2010;1.316
02 Albacete;02029 Chinchilla de Monte-Aragón;Todas las edades;Total;1 de enero de 2022;4.497
02 Albacete;02029 Chinchilla de Monte-Aragón;Todas las edades;Total;1 de enero de 2021;4.344
02 Albacete;02029 Chinchilla de Monte-Aragón;Todas las edades;Total;1 de enero de 2020;4.205
02 Albacete;02029 Chinchilla de Monte-Aragón;Todas las edades;Total;1 de enero de 2019;4.206
02 Albacete;02029 Chinchilla de Monte-Aragón;Todas las edades;Total;1 de enero de 2018;4.182
02 Albacete;02029 Chinchilla de Monte-Aragón;Todas las edades;Total;1 de enero de 2017;4.213
02 Albacete;02029 Chinchilla de Monte-Aragón;Todas las edades;Total;1 de enero de 2016;4.172
02 Albacete;02029 Chinchilla de Monte-Aragón;Todas las edades;Total;1 de enero de 2015;4.169
02 Albacete;02029 Chinchilla de Monte-Aragón;Todas las edades;Total;1 de enero de 2014;4.099
02 Albacete;02029 Chinchilla de Monte-Aragón;Todas las edades;Total;1 de enero de 2013;4.067
02 Albacete;02029 Chinchilla de Monte-Aragón;Todas las edades;Total;1 de enero de 2012;4.116
02 Albacete;02029 Chinchilla de Monte-Aragón;Todas las edades;Total;1 de enero de 2011;4.015
02 Albacete;02029 Chinchilla de Monte-Aragón;Todas las edades;Total;1 de enero de 2010;3.924
02 Albacete;02027 Corral-Rubio;Todas las edades;Total;1 de enero de 2022;300
02 Albacete;02027 Corral-Rubio;Todas las edades;Total;1 de enero de 2021;306
02 Albacete;02027 Corral-Rubio;Todas las edades;Total;1 de enero de 2020;311
02 Albacete;02027 Corral-Rubio;Todas las edades;Total;1 de enero de 2019;324
02 Albacete;02027 Corral-Rubio;Todas las edades;Total;1 de enero de 2018;330
02 Albacete;02027 Corral-Rubio;Todas las edades;Total;1 de enero de 2017;342
02 Albacete;02027 Corral-Rubio;Todas las edades;Total;1 de enero de 2016;351
02 Albacete;02027 Corral-Rubio;Todas las edades;Total;1 de enero de 2015;358
02 Albacete;02027 Corral-Rubio;Todas las edades;Total;1 de enero de 2014;365
02 Albacete;02027 Corral-Rubio;Todas las edades;Total;1 de enero de 2013;382
02 Albacete;02027 Corral-Rubio;Todas las edades;Total;1 de enero de 2012;403
02 Albacete;02027 Corral-Rubio;Todas las edades;Total;1 de enero de 2011;406
02 Albacete;02027 Corral-Rubio;Todas las edades;Total;1 de enero de 2010;409
02 Albacete;02028 Cotillas;Todas las edades;Total;1 de enero de 2022;129
02 Albacete;02028 Cotillas;Todas las edades;Total;1 de enero de 2021;134
02 Albacete;02028 Cotillas;Todas las edades;Total;1 de enero de 2020;118
02 Albacete;02028 Cotillas;Todas las edades;Total;1 de enero de 2019;123
02 Albacete;02028 Cotillas;Todas las edades;Total;1 de enero de 2018;128
02 Albacete;02028 Cotillas;Todas las edades;Total;1 de enero de 2017;130
02 Albacete;02028 Cotillas;Todas las edades;Total;1 de enero de 2016;139
02 Albacete;02028 Cotillas;Todas las edades;Total;1 de enero de 2015;141
02 Albacete;02028 Cotillas;Todas las edades;Total;1 de enero de 2014;139
02 Albacete;02028 Cotillas;Todas las edades;Total;1 de enero de 2013;147
02 Albacete;02028 Cotillas;Todas las edades;Total;1 de enero de 2012;157
02 Albacete;02028 Cotillas;Todas las edades;Total;1 de enero de 2011;161
02 Albacete;02028 Cotillas;Todas las edades;Total;1 de enero de 2010;161
02 Albacete;02030 Elche de la Sierra;Todas las edades;Total;1 de enero de 2022;3.553
02 Albacete;02030 Elche de la Sierra;Todas las edades;Total;1 de enero de 2021;3.557
02 Albacete;02030 Elche de la Sierra;Todas las edades;Total;1 de enero de 2020;3.520
02 Albacete;02030 Elche de la Sierra;Todas las edades;Total;1 de enero de 2019;3.585
02 Albacete;02030 Elche de la Sierra;Todas las edades;Total;1 de enero de 2018;3.624
02 Albacete;02030 Elche de la Sierra;Todas las edades;Total;1 de enero de 2017;3.666
02 Albacete;02030 Elche de la Sierra;Todas las edades;Total;1 de enero de 2016;3.711
02 Albacete;02030 Elche de la Sierra;Todas las edades;Total;1 de enero de 2015;3.761
02 Albacete;02030 Elche de la Sierra;Todas las edades;Total;1 de enero de 2014;3.814
02 Albacete;02030 Elche de la Sierra;Todas las edades;Total;1 de enero de 2013;3.901
02 Albacete;02030 Elche de la Sierra;Todas las edades;Total;1 de enero de 2012;3.941
02 Albacete;02030 Elche de la Sierra;Todas las edades;Total;1 de enero de 2011;3.951
02 Albacete;02030 Elche de la Sierra;Todas las edades;Total;1 de enero de 2010;3.944
02 Albacete;02031 Férez;Todas las edades;Total;1 de enero de 2022;614
02 Albacete;02031 Férez;Todas las edades;Total;1 de enero de 2021;628
02 Albacete;02031 Férez;Todas las edades;Total;1 de enero de 2020;629
02 Albacete;02031 Férez;Todas las edades;Total;1 de enero de 2019;643
02 Albacete;02031 Férez;Todas las edades;Total;1 de enero de 2018;674
02 Albacete;02031 Férez;Todas las edades;Total;1 de enero de 2017;678
02 Albacete;02031 Férez;Todas las edades;Total;1 de enero de 2016;696
02 Albacete;02031 Férez;Todas las edades;Total;1 de enero de 2015;705
02 Albacete;02031 Férez;Todas las edades;Total;1 de enero de 2014;719
02 Albacete;02031 Férez;Todas las edades;Total;1 de enero de 2013;736
02 Albacete;02031 Férez;Todas las edades;Total;1 de enero de 2012;743
02 Albacete;02031 Férez;Todas las edades;Total;1 de enero de 2011;756
02 Albacete;02031 Férez;Todas las edades;Total;1 de enero de 2010;755
02 Albacete;02032 Fuensanta;Todas las edades;Total;1 de enero de 2022;281
02 Albacete;02032 Fuensanta;Todas las edades;Total;1 de enero de 2021;280
02 Albacete;02032 Fuensanta;Todas las edades;Total;1 de enero de 2020;291
02 Albacete;02032 Fuensanta;Todas las edades;Total;1 de enero de 2019;297
02 Albacete;02032 Fuensanta;Todas las edades;Total;1 de enero de 2018;297
02 Albacete;02032 Fuensanta;Todas las edades;Total;1 de enero de 2017;313
02 Albacete;02032 Fuensanta;Todas las edades;Total;1 de enero de 2016;310
02 Albacete;02032 Fuensanta;Todas las edades;Total;1 de enero de 2015;327
02 Albacete;02032 Fuensanta;Todas las edades;Total;1 de enero de 2014;345
02 Albacete;02032 Fuensanta;Todas las edades;Total;1 de enero de 2013;342
02 Albacete;02032 Fuensanta;Todas las edades;Total;1 de enero de 2012;368
02 Albacete;02032 Fuensanta;Todas las edades;Total;1 de enero de 2011;369
02 Albacete;02032 Fuensanta;Todas las edades;Total;1 de enero de 2010;366
02 Albacete;02033 Fuente-Álamo;Todas las edades;Total;1 de enero de 2022;2.461
02 Albacete;02033 Fuente-Álamo;Todas las edades;Total;1 de enero de 2021;2.447
02 Albacete;02033 Fuente-Álamo;Todas las edades;Total;1 de enero de 2020;2.474
02 Albacete;02033 Fuente-Álamo;Todas las edades;Total;1 de enero de 2019;2.489
02 Albacete;02033 Fuente-Álamo;Todas las edades;Total;1 de enero de 2018;2.489
02 Albacete;02033 Fuente-Álamo;Todas las edades;Total;1 de enero de 2017;2.531
02 Albacete;02033 Fuente-Álamo;Todas las edades;Total;1 de enero de 2016;2.574
02 Albacete;02033 Fuente-Álamo;Todas las edades;Total;1 de enero de 2015;2.591
02 Albacete;02033 Fuente-Álamo;Todas las edades;Total;1 de enero de 2014;2.652
02 Albacete;02033 Fuente-Álamo;Todas las edades;Total;1 de enero de 2013;2.652
02 Albacete;02033 Fuente-Álamo;Todas las edades;Total;1 de enero de 2012;2.649
02 Albacete;02033 Fuente-Álamo;Todas las edades;Total;1 de enero de 2011;2.643
02 Albacete;02033 Fuente-Álamo;Todas las edades;Total;1 de enero de 2010;2.673
02 Albacete;02034 Fuentealbilla;Todas las edades;Total;1 de enero de 2022;1.821
02 Albacete;02034 Fuentealbilla;Todas las edades;Total;1 de enero de 2021;1.836
02 Albacete;02034 Fuentealbilla;Todas las edades;Total;1 de enero de 2020;1.831
02 Albacete;02034 Fuentealbilla;Todas las edades;Total;1 de enero de 2019;1.792
02 Albacete;02034 Fuentealbilla;Todas las edades;Total;1 de enero de 2018;1.816
02 Albacete;02034 Fuentealbilla;Todas las edades;Total;1 de enero de 2017;1.843
02 Albacete;02034 Fuentealbilla;Todas las edades;Total;1 de enero de 2016;1.876
02 Albacete;02034 Fuentealbilla;Todas las edades;Total;1 de enero de 2015;1.901
02 Albacete;02034 Fuentealbilla;Todas las edades;Total;1 de enero de 2014;1.931
02 Albacete;02034 Fuentealbilla;Todas las edades;Total;1 de enero de 2013;1.964
02 Albacete;02034 Fuentealbilla;Todas las edades;Total;1 de enero de 2012;2.013
02 Albacete;02034 Fuentealbilla;Todas las edades;Total;1 de enero de 2011;2.029
02 Albacete;02034 Fuentealbilla;Todas las edades;Total;1 de enero de 2010;2.067
02 Albacete;02035 Gineta, La;Todas las edades;Total;1 de enero de 2022;2.568
02 Albacete;02035 Gineta, La;Todas las edades;Total;1 de enero de 2021;2.554
02 Albacete;02035 Gineta, La;Todas las edades;Total;1 de enero de 2020;2.548
02 Albacete;02035 Gineta, La;Todas las edades;Total;1 de enero de 2019;2.512
02 Albacete;02035 Gineta, La;Todas las edades;Total;1 de enero de 2018;2.448
02 Albacete;02035 Gineta, La;Todas las edades;Total;1 de enero de 2017;2.457
02 Albacete;02035 Gineta, La;Todas las edades;Total;1 de enero de 2016;2.509
02 Albacete;02035 Gineta, La;Todas las edades;Total;1 de enero de 2015;2.532
02 Albacete;02035 Gineta, La;Todas las edades;Total;1 de enero de 2014;2.485
02 Albacete;02035 Gineta, La;Todas las edades;Total;1 de enero de 2013;2.560
02 Albacete;02035 Gineta, La;Todas las edades;Total;1 de enero de 2012;2.582
02 Albacete;02035 Gineta, La;Todas las edades;Total;1 de enero de 2011;2.563
02 Albacete;02035 Gineta, La;Todas las edades;Total;1 de enero de 2010;2.494
02 Albacete;02036 Golosalvo;Todas las edades;Total;1 de enero de 2022;98
02 Albacete;02036 Golosalvo;Todas las edades;Total;1 de enero de 2021;99
02 Albacete;02036 Golosalvo;Todas las edades;Total;1 de enero de 2020;98
02 Albacete;02036 Golosalvo;Todas las edades;Total;1 de enero de 2019;104
02 Albacete;02036 Golosalvo;Todas las edades;Total;1 de enero de 2018;110
02 Albacete;02036 Golosalvo;Todas las edades;Total;1 de enero de 2017;110
02 Albacete;02036 Golosalvo;Todas las edades;Total;1 de enero de 2016;111
02 Albacete;02036 Golosalvo;Todas las edades;Total;1 de enero de 2015;114
02 Albacete;02036 Golosalvo;Todas las edades;Total;1 de enero de 2014;122
02 Albacete;02036 Golosalvo;Todas las edades;Total;1 de enero de 2013;118
02 Albacete;02036 Golosalvo;Todas las edades;Total;1 de enero de 2012;118
02 Albacete;02036 Golosalvo;Todas las edades;Total;1 de enero de 2011;121
02 Albacete;02036 Golosalvo;Todas las edades;Total;1 de enero de 2010;123
02 Albacete;02037 Hellín;Todas las edades;Total;1 de enero de 2022;30.492
02 Albacete;02037 Hellín;Todas las edades;Total;1 de enero de 2021;30.427
02 Albacete;02037 Hellín;Todas las edades;Total;1 de enero de 2020;30.200
02 Albacete;02037 Hellín;Todas las edades;Total;1 de enero de 2019;30.306
02 Albacete;02037 Hellín;Todas las edades;Total;1 de enero de 2018;30.268
02 Albacete;02037 Hellín;Todas las edades;Total;1 de enero de 2017;30.184
02 Albacete;02037 Hellín;Todas las edades;Total;1 de enero de 2016;30.419
02 Albacete;02037 Hellín;Todas las edades;Total;1 de enero de 2015;30.592
02 Albacete;02037 Hellín;Todas las edades;Total;1 de enero de 2014;30.862
02 Albacete;02037 Hellín;Todas las edades;Total;1 de enero de 2013;31.029
02 Albacete;02037 Hellín;Todas las edades;Total;1 de enero de 2012;31.262
02 Albacete;02037 Hellín;Todas las edades;Total;1 de enero de 2011;31.199
02 Albacete;02037 Hellín;Todas las edades;Total;1 de enero de 2010;31.109
02 Albacete;02038 Herrera, La;Todas las edades;Total;1 de enero de 2022;304
02 Albacete;02038 Herrera, La;Todas las edades;Total;1 de enero de 2021;311
02 Albacete;02038 Herrera, La;Todas las edades;Total;1 de enero de 2020;322
02 Albacete;02038 Herrera, La;Todas las edades;Total;1 de enero de 2019;326
02 Albacete;02038 Herrera, La;Todas las edades;Total;1 de enero de 2018;349
02 Albacete;02038 Herrera, La;Todas las edades;Total;1 de enero de 2017;341
02 Albacete;02038 Herrera, La;Todas las edades;Total;1 de enero de 2016;340
02 Albacete;02038 Herrera, La;Todas las edades;Total;1 de enero de 2015;347
02 Albacete;02038 Herrera, La;Todas las edades;Total;1 de enero de 2014;349
02 Albacete;02038 Herrera, La;Todas las edades;Total;1 de enero de 2013;345
02 Albacete;02038 Herrera, La;Todas las edades;Total;1 de enero de 2012;349
02 Albacete;02038 Herrera, La;Todas las edades;Total;1 de enero de 2011;356
02 Albacete;02038 Herrera, La;Todas las edades;Total;1 de enero de 2010;346
02 Albacete;02039 Higueruela;Todas las edades;Total;1 de enero de 2022;1.125
02 Albacete;02039 Higueruela;Todas las edades;Total;1 de enero de 2021;1.144
02 Albacete;02039 Higueruela;Todas las edades;Total;1 de enero de 2020;1.135
02 Albacete;02039 Higueruela;Todas las edades;Total;1 de enero de 2019;1.158
02 Albacete;02039 Higueruela;Todas las edades;Total;1 de enero de 2018;1.184
02 Albacete;02039 Higueruela;Todas las edades;Total;1 de enero de 2017;1.196
02 Albacete;02039 Higueruela;Todas las edades;Total;1 de enero de 2016;1.222
02 Albacete;02039 Higueruela;Todas las edades;Total;1 de enero de 2015;1.249
02 Albacete;02039 Higueruela;Todas las edades;Total;1 de enero de 2014;1.273
02 Albacete;02039 Higueruela;Todas las edades;Total;1 de enero de 2013;1.288
02 Albacete;02039 Higueruela;Todas las edades;Total;1 de enero de 2012;1.310
02 Albacete;02039 Higueruela;Todas las edades;Total;1 de enero de 2011;1.306
02 Albacete;02039 Higueruela;Todas las edades;Total;1 de enero de 2010;1.284
02 Albacete;02040 Hoya-Gonzalo;Todas las edades;Total;1 de enero de 2022;561
02 Albacete;02040 Hoya-Gonzalo;Todas las edades;Total;1 de enero de 2021;598
02 Albacete;02040 Hoya-Gonzalo;Todas las edades;Total;1 de enero de 2020;630
02 Albacete;02040 Hoya-Gonzalo;Todas las edades;Total;1 de enero de 2019;647
02 Albacete;02040 Hoya-Gonzalo;Todas las edades;Total;1 de enero de 2018;621
02 Albacete;02040 Hoya-Gonzalo;Todas las edades;Total;1 de enero de 2017;643
02 Albacete;02040 Hoya-Gonzalo;Todas las edades;Total;1 de enero de 2016;666
02 Albacete;02040 Hoya-Gonzalo;Todas las edades;Total;1 de enero de 2015;706
02 Albacete;02040 Hoya-Gonzalo;Todas las edades;Total;1 de enero de 2014;694
02 Albacete;02040 Hoya-Gonzalo;Todas las edades;Total;1 de enero de 2013;718
02 Albacete;02040 Hoya-Gonzalo;Todas las edades;Total;1 de enero de 2012;737
02 Albacete;02040 Hoya-Gonzalo;Todas las edades;Total;1 de enero de 2011;752
02 Albacete;02040 Hoya-Gonzalo;Todas las edades;Total;1 de enero de 2010;710
02 Albacete;02041 Jorquera;Todas las edades;Total;1 de enero de 2022;350
02 Albacete;02041 Jorquera;Todas las edades;Total;1 de enero de 2021;363
02 Albacete;02041 Jorquera;Todas las edades;Total;1 de enero de 2020;342
02 Albacete;02041 Jorquera;Todas las edades;Total;1 de enero de 2019;355
02 Albacete;02041 Jorquera;Todas las edades;Total;1 de enero de 2018;360
02 Albacete;02041 Jorquera;Todas las edades;Total;1 de enero de 2017;378
02 Albacete;02041 Jorquera;Todas las edades;Total;1 de enero de 2016;377
02 Albacete;02041 Jorquera;Todas las edades;Total;1 de enero de 2015;400
02 Albacete;02041 Jorquera;Todas las edades;Total;1 de enero de 2014;408
02 Albacete;02041 Jorquera;Todas las edades;Total;1 de enero de 2013;408
02 Albacete;02041 Jorquera;Todas las edades;Total;1 de enero de 2012;431
02 Albacete;02041 Jorquera;Todas las edades;Total;1 de enero de 2011;440
02 Albacete;02041 Jorquera;Todas las edades;Total;1 de enero de 2010;457
02 Albacete;02042 Letur;Todas las edades;Total;1 de enero de 2022;901
02 Albacete;02042 Letur;Todas las edades;Total;1 de enero de 2021;909
02 Albacete;02042 Letur;Todas las edades;Total;1 de enero de 2020;892
02 Albacete;02042 Letur;Todas las edades;Total;1 de enero de 2019;919
02 Albacete;02042 Letur;Todas las edades;Total;1 de enero de 2018;928
02 Albacete;02042 Letur;Todas las edades;Total;1 de enero de 2017;948
02 Albacete;02042 Letur;Todas las edades;Total;1 de enero de 2016;973
02 Albacete;02042 Letur;Todas las edades;Total;1 de enero de 2015;987
02 Albacete;02042 Letur;Todas las edades;Total;1 de enero de 2014;1.018
02 Albacete;02042 Letur;Todas las edades;Total;1 de enero de 2013;1.032
02 Albacete;02042 Letur;Todas las edades;Total;1 de enero de 2012;1.074
02 Albacete;02042 Letur;Todas las edades;Total;1 de enero de 2011;1.081
02 Albacete;02042 Letur;Todas las edades;Total;1 de enero de 2010;1.076
02 Albacete;02043 Lezuza;Todas las edades;Total;1 de enero de 2022;1.300
02 Albacete;02043 Lezuza;Todas las edades;Total;1 de enero de 2021;1.322
02 Albacete;02043 Lezuza;Todas las edades;Total;1 de enero de 2020;1.332
02 Albacete;02043 Lezuza;Todas las edades;Total;1 de enero de 2019;1.358
02 Albacete;02043 Lezuza;Todas las edades;Total;1 de enero de 2018;1.398
02 Albacete;02043 Lezuza;Todas las edades;Total;1 de enero de 2017;1.412
02 Albacete;02043 Lezuza;Todas las edades;Total;1 de enero de 2016;1.458
02 Albacete;02043 Lezuza;Todas las edades;Total;1 de enero de 2015;1.483
02 Albacete;02043 Lezuza;Todas las edades;Total;1 de enero de 2014;1.504
02 Albacete;02043 Lezuza;Todas las edades;Total;1 de enero de 2013;1.542
02 Albacete;02043 Lezuza;Todas las edades;Total;1 de enero de 2012;1.582
02 Albacete;02043 Lezuza;Todas las edades;Total;1 de enero de 2011;1.612
02 Albacete;02043 Lezuza;Todas las edades;Total;1 de enero de 2010;1.620
02 Albacete;02044 Liétor;Todas las edades;Total;1 de enero de 2022;1.096
02 Albacete;02044 Liétor;Todas las edades;Total;1 de enero de 2021;1.123
02 Albacete;02044 Liétor;Todas las edades;Total;1 de enero de 2020;1.150
02 Albacete;02044 Liétor;Todas las edades;Total;1 de enero de 2019;1.175
02 Albacete;02044 Liétor;Todas las edades;Total;1 de enero de 2018;1.200
02 Albacete;02044 Liétor;Todas las edades;Total;1 de enero de 2017;1.240
02 Albacete;02044 Liétor;Todas las edades;Total;1 de enero de 2016;1.279
02 Albacete;02044 Liétor;Todas las edades;Total;1 de enero de 2015;1.321
02 Albacete;02044 Liétor;Todas las edades;Total;1 de enero de 2014;1.336
02 Albacete;02044 Liétor;Todas las edades;Total;1 de enero de 2013;1.357
02 Albacete;02044 Liétor;Todas las edades;Total;1 de enero de 2012;1.388
02 Albacete;02044 Liétor;Todas las edades;Total;1 de enero de 2011;1.421
02 Albacete;02044 Liétor;Todas las edades;Total;1 de enero de 2010;1.440
02 Albacete;02045 Madrigueras;Todas las edades;Total;1 de enero de 2022;4.644
02 Albacete;02045 Madrigueras;Todas las edades;Total;1 de enero de 2021;4.654
02 Albacete;02045 Madrigueras;Todas las edades;Total;1 de enero de 2020;4.634
02 Albacete;02045 Madrigueras;Todas las edades;Total;1 de enero de 2019;4.652
02 Albacete;02045 Madrigueras;Todas las edades;Total;1 de enero de 2018;4.665
02 Albacete;02045 Madrigueras;Todas las edades;Total;1 de enero de 2017;4.647
02 Albacete;02045 Madrigueras;Todas las edades;Total;1 de enero de 2016;4.671
02 Albacete;02045 Madrigueras;Todas las edades;Total;1 de enero de 2015;4.724
02 Albacete;02045 Madrigueras;Todas las edades;Total;1 de enero de 2014;4.739
02 Albacete;02045 Madrigueras;Todas las edades;Total;1 de enero de 2013;4.759
02 Albacete;02045 Madrigueras;Todas las edades;Total;1 de enero de 2012;4.836
02 Albacete;02045 Madrigueras;Todas las edades;Total;1 de enero de 2011;4.834
02 Albacete;02045 Madrigueras;Todas las edades;Total;1 de enero de 2010;4.917
02 Albacete;02046 Mahora;Todas las edades;Total;1 de enero de 2022;1.430
02 Albacete;02046 Mahora;Todas las edades;Total;1 de enero de 2021;1.380
02 Albacete;02046 Mahora;Todas las edades;Total;1 de enero de 2020;1.362
02 Albacete;02046 Mahora;Todas las edades;Total;1 de enero de 2019;1.383
02 Albacete;02046 Mahora;Todas las edades;Total;1 de enero de 2018;1.359
02 Albacete;02046 Mahora;Todas las edades;Total;1 de enero de 2017;1.360
02 Albacete;02046 Mahora;Todas las edades;Total;1 de enero de 2016;1.355
02 Albacete;02046 Mahora;Todas las edades;Total;1 de enero de 2015;1.422
02 Albacete;02046 Mahora;Todas las edades;Total;1 de enero de 2014;1.430
02 Albacete;02046 Mahora;Todas las edades;Total;1 de enero de 2013;1.427
02 Albacete;02046 Mahora;Todas las edades;Total;1 de enero de 2012;1.431
02 Albacete;02046 Mahora;Todas las edades;Total;1 de enero de 2011;1.435
02 Albacete;02046 Mahora;Todas las edades;Total;1 de enero de 2010;1.412
02 Albacete;02047 Masegoso;Todas las edades;Total;1 de enero de 2022;114
02 Albacete;02047 Masegoso;Todas las edades;Total;1 de enero de 2021;105
02 Albacete;02047 Masegoso;Todas las edades;Total;1 de enero de 2020;104
02 Albacete;02047 Masegoso;Todas las edades;Total;1 de enero de 2019;110
02 Albacete;02047 Masegoso;Todas las edades;Total;1 de enero de 2018;113
02 Albacete;02047 Masegoso;Todas las edades;Total;1 de enero de 2017;115
02 Albacete;02047 Masegoso;Todas las edades;Total;1 de enero de 2016;121
02 Albacete;02047 Masegoso;Todas las edades;Total;1 de enero de 2015;121
02 Albacete;02047 Masegoso;Todas las edades;Total;1 de enero de 2014;121
02 Albacete;02047 Masegoso;Todas las edades;Total;1 de enero de 2013;126
02 Albacete;02047 Masegoso;Todas las edades;Total;1 de enero de 2012;122
02 Albacete;02047 Masegoso;Todas las edades;Total;1 de enero de 2011;117
02 Albacete;02047 Masegoso;Todas las edades;Total;1 de enero de 2010;90
02 Albacete;02048 Minaya;Todas las edades;Total;1 de enero de 2022;1.442
02 Albacete;02048 Minaya;Todas las edades;Total;1 de enero de 2021;1.483
02 Albacete;02048 Minaya;Todas las edades;Total;1 de enero de 2020;1.475
02 Albacete;02048 Minaya;Todas las edades;Total;1 de enero de 2019;1.501
02 Albacete;02048 Minaya;Todas las edades;Total;1 de enero de 2018;1.537
02 Albacete;02048 Minaya;Todas las edades;Total;1 de enero de 2017;1.538
02 Albacete;02048 Minaya;Todas las edades;Total;1 de enero de 2016;1.543
02 Albacete;02048 Minaya;Todas las edades;Total;1 de enero de 2015;1.564
02 Albacete;02048 Minaya;Todas las edades;Total;1 de enero de 2014;1.571
02 Albacete;02048 Minaya;Todas las edades;Total;1 de enero de 2013;1.637
02 Albacete;02048 Minaya;Todas las edades;Total;1 de enero de 2012;1.683
02 Albacete;02048 Minaya;Todas las edades;Total;1 de enero de 2011;1.682
02 Albacete;02048 Minaya;Todas las edades;Total;1 de enero de 2010;1.725
02 Albacete;02049 Molinicos;Todas las edades;Total;1 de enero de 2022;837
02 Albacete;02049 Molinicos;Todas las edades;Total;1 de enero de 2021;829
02 Albacete;02049 Molinicos;Todas las edades;Total;1 de enero de 2020;813
02 Albacete;02049 Molinicos;Todas las edades;Total;1 de enero de 2019;852
02 Albacete;02049 Molinicos;Todas las edades;Total;1 de enero de 2018;840
02 Albacete;02049 Molinicos;Todas las edades;Total;1 de enero de 2017;863
02 Albacete;02049 Molinicos;Todas las edades;Total;1 de enero de 2016;893
02 Albacete;02049 Molinicos;Todas las edades;Total;1 de enero de 2015;917
02 Albacete;02049 Molinicos;Todas las edades;Total;1 de enero de 2014;931
02 Albacete;02049 Molinicos;Todas las edades;Total;1 de enero de 2013;960
02 Albacete;02049 Molinicos;Todas las edades;Total;1 de enero de 2012;1.020
02 Albacete;02049 Molinicos;Todas las edades;Total;1 de enero de 2011;1.050
02 Albacete;02049 Molinicos;Todas las edades;Total;1 de enero de 2010;1.060
02 Albacete;02050 Montalvos;Todas las edades;Total;1 de enero de 2022;88
02 Albacete;02050 Montalvos;Todas las edades;Total;1 de enero de 2021;86
02 Albacete;02050 Montalvos;Todas las edades;Total;1 de enero de 2020;88
02 Albacete;02050 Montalvos;Todas las edades;Total;1 de enero de 2019;97
02 Albacete;02050 Montalvos;Todas las edades;Total;1 de enero de 2018;96
02 Albacete;02050 Montalvos;Todas las edades;Total;1 de enero de 2017;102
02 Albacete;02050 Montalvos;Todas las edades;Total;1 de enero de 2016;108
02 Albacete;02050 Montalvos;Todas las edades;Total;1 de enero de 2015;108
02 Albacete;02050 Montalvos;Todas las edades;Total;1 de enero de 2014;110
02 Albacete;02050 Montalvos;Todas las edades;Total;1 de enero de 2013;113
02 Albacete;02050 Montalvos;Todas las edades;Total;1 de enero de 2012;124
02 Albacete;02050 Montalvos;Todas las edades;Total;1 de enero de 2011;125
02 Albacete;02050 Montalvos;Todas las edades;Total;1 de enero de 2010;132
02 Albacete;02051 Montealegre del Castillo;Todas las edades;Total;1 de enero de 2022;2.056
02 Albacete;02051 Montealegre del Castillo;Todas las edades;Total;1 de enero de 2021;2.038
02 Albacete;02051 Montealegre del Castillo;Todas las edades;Total;1 de enero de 2020;2.041
02 Albacete;02051 Montealegre del Castillo;Todas las edades;Total;1 de enero de 2019;2.051
02 Albacete;02051 Montealegre del Castillo;Todas las edades;Total;1 de enero de 2018;2.042
02 Albacete;02051 Montealegre del Castillo;Todas las edades;Total;1 de enero de 2017;2.057
02 Albacete;02051 Montealegre del Castillo;Todas las edades;Total;1 de enero de 2016;2.092
02 Albacete;02051 Montealegre del Castillo;Todas las edades;Total;1 de enero de 2015;2.122
02 Albacete;02051 Montealegre del Castillo;Todas las edades;Total;1 de enero de 2014;2.162
02 Albacete;02051 Montealegre del Castillo;Todas las edades;Total;1 de enero de 2013;2.186
02 Albacete;02051 Montealegre del Castillo;Todas las edades;Total;1 de enero de 2012;2.234
02 Albacete;02051 Montealegre del Castillo;Todas las edades;Total;1 de enero de 2011;2.284
02 Albacete;02051 Montealegre del Castillo;Todas las edades;Total;1 de enero de 2010;2.301
02 Albacete;02052 Motilleja;Todas las edades;Total;1 de enero de 2022;660
02 Albacete;02052 Motilleja;Todas las edades;Total;1 de enero de 2021;605
02 Albacete;02052 Motilleja;Todas las edades;Total;1 de enero de 2020;578
02 Albacete;02052 Motilleja;Todas las edades;Total;1 de enero de 2019;571
02 Albacete;02052 Motilleja;Todas las edades;Total;1 de enero de 2018;548
02 Albacete;02052 Motilleja;Todas las edades;Total;1 de enero de 2017;549
02 Albacete;02052 Motilleja;Todas las edades;Total;1 de enero de 2016;550
02 Albacete;02052 Motilleja;Todas las edades;Total;1 de enero de 2015;555
02 Albacete;02052 Motilleja;Todas las edades;Total;1 de enero de 2014;563
02 Albacete;02052 Motilleja;Todas las edades;Total;1 de enero de 2013;574
02 Albacete;02052 Motilleja;Todas las edades;Total;1 de enero de 2012;589
02 Albacete;02052 Motilleja;Todas las edades;Total;1 de enero de 2011;600
02 Albacete;02052 Motilleja;Todas las edades;Total;1 de enero de 2010;573
02 Albacete;02053 Munera;Todas las edades;Total;1 de enero de 2022;3.422
02 Albacete;02053 Munera;Todas las edades;Total;1 de enero de 2021;3.433
02 Albacete;02053 Munera;Todas las edades;Total;1 de enero de 2020;3.429
02 Albacete;02053 Munera;Todas las edades;Total;1 de enero de 2019;3.435
02 Albacete;02053 Munera;Todas las edades;Total;1 de enero de 2018;3.513
02 Albacete;02053 Munera;Todas las edades;Total;1 de enero de 2017;3.572
02 Albacete;02053 Munera;Todas las edades;Total;1 de enero de 2016;3.627
02 Albacete;02053 Munera;Todas las edades;Total;1 de enero de 2015;3.643
02 Albacete;02053 Munera;Todas las edades;Total;1 de enero de 2014;3.678
02 Albacete;02053 Munera;Todas las edades;Total;1 de enero de 2013;3.714
02 Albacete;02053 Munera;Todas las edades;Total;1 de enero de 2012;3.757
02 Albacete;02053 Munera;Todas las edades;Total;1 de enero de 2011;3.812
02 Albacete;02053 Munera;Todas las edades;Total;1 de enero de 2010;3.814
02 Albacete;02054 Navas de Jorquera;Todas las edades;Total;1 de enero de 2022;528
02 Albacete;02054 Navas de Jorquera;Todas las edades;Total;1 de enero de 2021;536
02 Albacete;02054 Navas de Jorquera;Todas las edades;Total;1 de enero de 2020;521
02 Albacete;02054 Navas de Jorquera;Todas las edades;Total;1 de enero de 2019;517
02 Albacete;02054 Navas de Jorquera;Todas las edades;Total;1 de enero de 2018;518
02 Albacete;02054 Navas de Jorquera;Todas las edades;Total;1 de enero de 2017;523
02 Albacete;02054 Navas de Jorquera;Todas las edades;Total;1 de enero de 2016;525
02 Albacete;02054 Navas de Jorquera;Todas las edades;Total;1 de enero de 2015;524
02 Albacete;02054 Navas de Jorquera;Todas las edades;Total;1 de enero de 2014;520
02 Albacete;02054 Navas de Jorquera;Todas las edades;Total;1 de enero de 2013;550
02 Albacete;02054 Navas de Jorquera;Todas las edades;Total;1 de enero de 2012;554
02 Albacete;02054 Navas de Jorquera;Todas las edades;Total;1 de enero de 2011;551
02 Albacete;02054 Navas de Jorquera;Todas las edades;Total;1 de enero de 2010;551
02 Albacete;02055 Nerpio;Todas las edades;Total;1 de enero de 2022;1.180
02 Albacete;02055 Nerpio;Todas las edades;Total;1 de enero de 2021;1.197
02 Albacete;02055 Nerpio;Todas las edades;Total;1 de enero de 2020;1.178
02 Albacete;02055 Nerpio;Todas las edades;Total;1 de enero de 2019;1.191
02 Albacete;02055 Nerpio;Todas las edades;Total;1 de enero de 2018;1.222
02 Albacete;02055 Nerpio;Todas las edades;Total;1 de enero de 2017;1.277
02 Albacete;02055 Nerpio;Todas las edades;Total;1 de enero de 2016;1.311
02 Albacete;02055 Nerpio;Todas las edades;Total;1 de enero de 2015;1.362
02 Albacete;02055 Nerpio;Todas las edades;Total;1 de enero de 2014;1.384
02 Albacete;02055 Nerpio;Todas las edades;Total;1 de enero de 2013;1.434
02 Albacete;02055 Nerpio;Todas las edades;Total;1 de enero de 2012;1.478
02 Albacete;02055 Nerpio;Todas las edades;Total;1 de enero de 2011;1.512
02 Albacete;02055 Nerpio;Todas las edades;Total;1 de enero de 2010;1.499
02 Albacete;02056 Ontur;Todas las edades;Total;1 de enero de 2022;1.934
02 Albacete;02056 Ontur;Todas las edades;Total;1 de enero de 2021;1.963
02 Albacete;02056 Ontur;Todas las edades;Total;1 de enero de 2020;1.976
02 Albacete;02056 Ontur;Todas las edades;Total;1 de enero de 2019;1.987
02 Albacete;02056 Ontur;Todas las edades;Total;1 de enero de 2018;2.028
02 Albacete;02056 Ontur;Todas las edades;Total;1 de enero de 2017;2.072
02 Albacete;02056 Ontur;Todas las edades;Total;1 de enero de 2016;2.111
02 Albacete;02056 Ontur;Todas las edades;Total;1 de enero de 2015;2.141
02 Albacete;02056 Ontur;Todas las edades;Total;1 de enero de 2014;2.169
02 Albacete;02056 Ontur;Todas las edades;Total;1 de enero de 2013;2.217
02 Albacete;02056 Ontur;Todas las edades;Total;1 de enero de 2012;2.246
02 Albacete;02056 Ontur;Todas las edades;Total;1 de enero de 2011;2.281
02 Albacete;02056 Ontur;Todas las edades;Total;1 de enero de 2010;2.318
02 Albacete;02057 Ossa de Montiel;Todas las edades;Total;1 de enero de 2022;2.215
02 Albacete;02057 Ossa de Montiel;Todas las edades;Total;1 de enero de 2021;2.241
02 Albacete;02057 Ossa de Montiel;Todas las edades;Total;1 de enero de 2020;2.262
02 Albacete;02057 Ossa de Montiel;Todas las edades;Total;1 de enero de 2019;2.307
02 Albacete;02057 Ossa de Montiel;Todas las edades;Total;1 de enero de 2018;2.352
02 Albacete;02057 Ossa de Montiel;Todas las edades;Total;1 de enero de 2017;2.411
02 Albacete;02057 Ossa de Montiel;Todas las edades;Total;1 de enero de 2016;2.422
02 Albacete;02057 Ossa de Montiel;Todas las edades;Total;1 de enero de 2015;2.510
02 Albacete;02057 Ossa de Montiel;Todas las edades;Total;1 de enero de 2014;2.530
02 Albacete;02057 Ossa de Montiel;Todas las edades;Total;1 de enero de 2013;2.593
02 Albacete;02057 Ossa de Montiel;Todas las edades;Total;1 de enero de 2012;2.645
02 Albacete;02057 Ossa de Montiel;Todas las edades;Total;1 de enero de 2011;2.641
02 Albacete;02057 Ossa de Montiel;Todas las edades;Total;1 de enero de 2010;2.666
02 Albacete;02058 Paterna del Madera;Todas las edades;Total;1 de enero de 2022;329
02 Albacete;02058 Paterna del Madera;Todas las edades;Total;1 de enero de 2021;323
02 Albacete;02058 Paterna del Madera;Todas las edades;Total;1 de enero de 2020;329
02 Albacete;02058 Paterna del Madera;Todas las edades;Total;1 de enero de 2019;348
02 Albacete;02058 Paterna del Madera;Todas las edades;Total;1 de enero de 2018;360
02 Albacete;02058 Paterna del Madera;Todas las edades;Total;1 de enero de 2017;359
02 Albacete;02058 Paterna del Madera;Todas las edades;Total;1 de enero de 2016;375
02 Albacete;02058 Paterna del Madera;Todas las edades;Total;1 de enero de 2015;378
02 Albacete;02058 Paterna del Madera;Todas las edades;Total;1 de enero de 2014;385
02 Albacete;02058 Paterna del Madera;Todas las edades;Total;1 de enero de 2013;396
02 Albacete;02058 Paterna del Madera;Todas las edades;Total;1 de enero de 2012;443
02 Albacete;02058 Paterna del Madera;Todas las edades;Total;1 de enero de 2011;452
02 Albacete;02058 Paterna del Madera;Todas las edades;Total;1 de enero de 2010;462
02 Albacete;02060 Peñas de San Pedro;Todas las edades;Total;1 de enero de 2022;1.433
02 Albacete;02060 Peñas de San Pedro;Todas las edades;Total;1 de enero de 2021;1.410
02 Albacete;02060 Peñas de San Pedro;Todas las edades;Total;1 de enero de 2020;1.394
02 Albacete;02060 Peñas de San Pedro;Todas las edades;Total;1 de enero de 2019;1.399
02 Albacete;02060 Peñas de San Pedro;Todas las edades;Total;1 de enero de 2018;1.420
02 Albacete;02060 Peñas de San Pedro;Todas las edades;Total;1 de enero de 2017;1.436
02 Albacete;02060 Peñas de San Pedro;Todas las edades;Total;1 de enero de 2016;1.428
02 Albacete;02060 Peñas de San Pedro;Todas las edades;Total;1 de enero de 2015;1.431
02 Albacete;02060 Peñas de San Pedro;Todas las edades;Total;1 de enero de 2014;1.405
02 Albacete;02060 Peñas de San Pedro;Todas las edades;Total;1 de enero de 2013;1.379
02 Albacete;02060 Peñas de San Pedro;Todas las edades;Total;1 de enero de 2012;1.360
02 Albacete;02060 Peñas de San Pedro;Todas las edades;Total;1 de enero de 2011;1.356
02 Albacete;02060 Peñas de San Pedro;Todas las edades;Total;1 de enero de 2010;1.311
02 Albacete;02059 Peñascosa;Todas las edades;Total;1 de enero de 2022;323
02 Albacete;02059 Peñascosa;Todas las edades;Total;1 de enero de 2021;320
02 Albacete;02059 Peñascosa;Todas las edades;Total;1 de enero de 2020;333
02 Albacete;02059 Peñascosa;Todas las edades;Total;1 de enero de 2019;334
02 Albacete;02059 Peñascosa;Todas las edades;Total;1 de enero de 2018;331
02 Albacete;02059 Peñascosa;Todas las edades;Total;1 de enero de 2017;328
02 Albacete;02059 Peñascosa;Todas las edades;Total;1 de enero de 2016;333
02 Albacete;02059 Peñascosa;Todas las edades;Total;1 de enero de 2015;355
02 Albacete;02059 Peñascosa;Todas las edades;Total;1 de enero de 2014;366
02 Albacete;02059 Peñascosa;Todas las edades;Total;1 de enero de 2013;373
02 Albacete;02059 Peñascosa;Todas las edades;Total;1 de enero de 2012;387
02 Albacete;02059 Peñascosa;Todas las edades;Total;1 de enero de 2011;399
02 Albacete;02059 Peñascosa;Todas las edades;Total;1 de enero de 2010;384
02 Albacete;02061 Pétrola;Todas las edades;Total;1 de enero de 2022;663
02 Albacete;02061 Pétrola;Todas las edades;Total;1 de enero de 2021;676
02 Albacete;02061 Pétrola;Todas las edades;Total;1 de enero de 2020;681
02 Albacete;02061 Pétrola;Todas las edades;Total;1 de enero de 2019;692
02 Albacete;02061 Pétrola;Todas las edades;Total;1 de enero de 2018;696
02 Albacete;02061 Pétrola;Todas las edades;Total;1 de enero de 2017;719
02 Albacete;02061 Pétrola;Todas las edades;Total;1 de enero de 2016;713
02 Albacete;02061 Pétrola;Todas las edades;Total;1 de enero de 2015;737
02 Albacete;02061 Pétrola;Todas las edades;Total;1 de enero de 2014;744
02 Albacete;02061 Pétrola;Todas las edades;Total;1 de enero de 2013;782
02 Albacete;02061 Pétrola;Todas las edades;Total;1 de enero de 2012;826
02 Albacete;02061 Pétrola;Todas las edades;Total;1 de enero de 2011;843
02 Albacete;02061 Pétrola;Todas las edades;Total;1 de enero de 2010;777
02 Albacete;02062 Povedilla;Todas las edades;Total;1 de enero de 2022;388
02 Albacete;02062 Povedilla;Todas las edades;Total;1 de enero de 2021;401
02 Albacete;02062 Povedilla;Todas las edades;Total;1 de enero de 2020;405
02 Albacete;02062 Povedilla;Todas las edades;Total;1 de enero de 2019;430
02 Albacete;02062 Povedilla;Todas las edades;Total;1 de enero de 2018;446
02 Albacete;02062 Povedilla;Todas las edades;Total;1 de enero de 2017;452
02 Albacete;02062 Povedilla;Todas las edades;Total;1 de enero de 2016;463
02 Albacete;02062 Povedilla;Todas las edades;Total;1 de enero de 2015;471
02 Albacete;02062 Povedilla;Todas las edades;Total;1 de enero de 2014;484
02 Albacete;02062 Povedilla;Todas las edades;Total;1 de enero de 2013;521
02 Albacete;02062 Povedilla;Todas las edades;Total;1 de enero de 2012;538
02 Albacete;02062 Povedilla;Todas las edades;Total;1 de enero de 2011;543
02 Albacete;02062 Povedilla;Todas las edades;Total;1 de enero de 2010;581
02 Albacete;02901 Pozo Cañada;Todas las edades;Total;1 de enero de 2022;2.763
02 Albacete;02901 Pozo Cañada;Todas las edades;Total;1 de enero de 2021;2.797
02 Albacete;02901 Pozo Cañada;Todas las edades;Total;1 de enero de 2020;2.791
02 Albacete;02901 Pozo Cañada;Todas las edades;Total;1 de enero de 2019;2.797
02 Albacete;02901 Pozo Cañada;Todas las edades;Total;1 de enero de 2018;2.786
02 Albacete;02901 Pozo Cañada;Todas las edades;Total;1 de enero de 2017;2.800
02 Albacete;02901 Pozo Cañada;Todas las edades;Total;1 de enero de 2016;2.800
02 Albacete;02901 Pozo Cañada;Todas las edades;Total;1 de enero de 2015;2.811
02 Albacete;02901 Pozo Cañada;Todas las edades;Total;1 de enero de 2014;2.815
02 Albacete;02901 Pozo Cañada;Todas las edades;Total;1 de enero de 2013;2.867
02 Albacete;02901 Pozo Cañada;Todas las edades;Total;1 de enero de 2012;2.880
02 Albacete;02901 Pozo Cañada;Todas las edades;Total;1 de enero de 2011;2.895
02 Albacete;02901 Pozo Cañada;Todas las edades;Total;1 de enero de 2010;2.885
02 Albacete;02063 Pozohondo;Todas las edades;Total;1 de enero de 2022;1.569
02 Albacete;02063 Pozohondo;Todas las edades;Total;1 de enero de 2021;1.584
02 Albacete;02063 Pozohondo;Todas las edades;Total;1 de enero de 2020;1.593
02 Albacete;02063 Pozohondo;Todas las edades;Total;1 de enero de 2019;1.585
02 Albacete;02063 Pozohondo;Todas las edades;Total;1 de enero de 2018;1.635
02 Albacete;02063 Pozohondo;Todas las edades;Total;1 de enero de 2017;1.653
02 Albacete;02063 Pozohondo;Todas las edades;Total;1 de enero de 2016;1.698
02 Albacete;02063 Pozohondo;Todas las edades;Total;1 de enero de 2015;1.717
02 Albacete;02063 Pozohondo;Todas las edades;Total;1 de enero de 2014;1.723
02 Albacete;02063 Pozohondo;Todas las edades;Total;1 de enero de 2013;1.770
02 Albacete;02063 Pozohondo;Todas las edades;Total;1 de enero de 2012;1.791
02 Albacete;02063 Pozohondo;Todas las edades;Total;1 de enero de 2011;1.794
02 Albacete;02063 Pozohondo;Todas las edades;Total;1 de enero de 2010;1.792
02 Albacete;02064 Pozo-Lorente;Todas las edades;Total;1 de enero de 2022;391
02 Albacete;02064 Pozo-Lorente;Todas las edades;Total;1 de enero de 2021;394
02 Albacete;02064 Pozo-Lorente;Todas las edades;Total;1 de enero de 2020;408
02 Albacete;02064 Pozo-Lorente;Todas las edades;Total;1 de enero de 2019;409
02 Albacete;02064 Pozo-Lorente;Todas las edades;Total;1 de enero de 2018;401
02 Albacete;02064 Pozo-Lorente;Todas las edades;Total;1 de enero de 2017;414
02 Albacete;02064 Pozo-Lorente;Todas las edades;Total;1 de enero de 2016;409
02 Albacete;02064 Pozo-Lorente;Todas las edades;Total;1 de enero de 2015;415
02 Albacete;02064 Pozo-Lorente;Todas las edades;Total;1 de enero de 2014;420
02 Albacete;02064 Pozo-Lorente;Todas las edades;Total;1 de enero de 2013;431
02 Albacete;02064 Pozo-Lorente;Todas las edades;Total;1 de enero de 2012;448
02 Albacete;02064 Pozo-Lorente;Todas las edades;Total;1 de enero de 2011;467
02 Albacete;02064 Pozo-Lorente;Todas las edades;Total;1 de enero de 2010;469
02 Albacete;02065 Pozuelo;Todas las edades;Total;1 de enero de 2022;461
02 Albacete;02065 Pozuelo;Todas las edades;Total;1 de enero de 2021;465
02 Albacete;02065 Pozuelo;Todas las edades;Total;1 de enero de 2020;469
02 Albacete;02065 Pozuelo;Todas las edades;Total;1 de enero de 2019;481
02 Albacete;02065 Pozuelo;Todas las edades;Total;1 de enero de 2018;489
02 Albacete;02065 Pozuelo;Todas las edades;Total;1 de enero de 2017;514
02 Albacete;02065 Pozuelo;Todas las edades;Total;1 de enero de 2016;531
02 Albacete;02065 Pozuelo;Todas las edades;Total;1 de enero de 2015;542
02 Albacete;02065 Pozuelo;Todas las edades;Total;1 de enero de 2014;534
02 Albacete;02065 Pozuelo;Todas las edades;Total;1 de enero de 2013;567
02 Albacete;02065 Pozuelo;Todas las edades;Total;1 de enero de 2012;570
02 Albacete;02065 Pozuelo;Todas las edades;Total;1 de enero de 2011;598
02 Albacete;02065 Pozuelo;Todas las edades;Total;1 de enero de 2010;587
02 Albacete;02066 Recueja, La;Todas las edades;Total;1 de enero de 2022;221
02 Albacete;02066 Recueja, La;Todas las edades;Total;1 de enero de 2021;225
02 Albacete;02066 Recueja, La;Todas las edades;Total;1 de enero de 2020;231
02 Albacete;02066 Recueja, La;Todas las edades;Total;1 de enero de 2019;242
02 Albacete;02066 Recueja, La;Todas las edades;Total;1 de enero de 2018;254
02 Albacete;02066 Recueja, La;Todas las edades;Total;1 de enero de 2017;260
02 Albacete;02066 Recueja, La;Todas las edades;Total;1 de enero de 2016;279
02 Albacete;02066 Recueja, La;Todas las edades;Total;1 de enero de 2015;275
02 Albacete;02066 Recueja, La;Todas las edades;Total;1 de enero de 2014;278
02 Albacete;02066 Recueja, La;Todas las edades;Total;1 de enero de 2013;290
02 Albacete;02066 Recueja, La;Todas las edades;Total;1 de enero de 2012;308
02 Albacete;02066 Recueja, La;Todas las edades;Total;1 de enero de 2011;301
02 Albacete;02066 Recueja, La;Todas las edades;Total;1 de enero de 2010;309
02 Albacete;02067 Riópar;Todas las edades;Total;1 de enero de 2022;1.318
02 Albacete;02067 Riópar;Todas las edades;Total;1 de enero de 2021;1.326
02 Albacete;02067 Riópar;Todas las edades;Total;1 de enero de 2020;1.341
02 Albacete;02067 Riópar;Todas las edades;Total;1 de enero de 2019;1.332
02 Albacete;02067 Riópar;Todas las edades;Total;1 de enero de 2018;1.357
02 Albacete;02067 Riópar;Todas las edades;Total;1 de enero de 2017;1.391
02 Albacete;02067 Riópar;Todas las edades;Total;1 de enero de 2016;1.410
02 Albacete;02067 Riópar;Todas las edades;Total;1 de enero de 2015;1.448
02 Albacete;02067 Riópar;Todas las edades;Total;1 de enero de 2014;1.477
02 Albacete;02067 Riópar;Todas las edades;Total;1 de enero de 2013;1.480
02 Albacete;02067 Riópar;Todas las edades;Total;1 de enero de 2012;1.463
02 Albacete;02067 Riópar;Todas las edades;Total;1 de enero de 2011;1.481
02 Albacete;02067 Riópar;Todas las edades;Total;1 de enero de 2010;1.486
02 Albacete;02068 Robledo;Todas las edades;Total;1 de enero de 2022;385
02 Albacete;02068 Robledo;Todas las edades;Total;1 de enero de 2021;391
02 Albacete;02068 Robledo;Todas las edades;Total;1 de enero de 2020;376
02 Albacete;02068 Robledo;Todas las edades;Total;1 de enero de 2019;367
02 Albacete;02068 Robledo;Todas las edades;Total;1 de enero de 2018;363
02 Albacete;02068 Robledo;Todas las edades;Total;1 de enero de 2017;366
02 Albacete;02068 Robledo;Todas las edades;Total;1 de enero de 2016;390
02 Albacete;02068 Robledo;Todas las edades;Total;1 de enero de 2015;405
02 Albacete;02068 Robledo;Todas las edades;Total;1 de enero de 2014;422
02 Albacete;02068 Robledo;Todas las edades;Total;1 de enero de 2013;436
02 Albacete;02068 Robledo;Todas las edades;Total;1 de enero de 2012;456
02 Albacete;02068 Robledo;Todas las edades;Total;1 de enero de 2011;463
02 Albacete;02068 Robledo;Todas las edades;Total;1 de enero de 2010;476
02 Albacete;02069 Roda, La;Todas las edades;Total;1 de enero de 2022;15.497
02 Albacete;02069 Roda, La;Todas las edades;Total;1 de enero de 2021;15.401
02 Albacete;02069 Roda, La;Todas las edades;Total;1 de enero de 2020;15.527
02 Albacete;02069 Roda, La;Todas las edades;Total;1 de enero de 2019;15.476
02 Albacete;02069 Roda, La;Todas las edades;Total;1 de enero de 2018;15.515
02 Albacete;02069 Roda, La;Todas las edades;Total;1 de enero de 2017;15.603
02 Albacete;02069 Roda, La;Todas las edades;Total;1 de enero de 2016;15.748
02 Albacete;02069 Roda, La;Todas las edades;Total;1 de enero de 2015;15.868
02 Albacete;02069 Roda, La;Todas las edades;Total;1 de enero de 2014;15.979
02 Albacete;02069 Roda, La;Todas las edades;Total;1 de enero de 2013;16.398
02 Albacete;02069 Roda, La;Todas las edades;Total;1 de enero de 2012;16.420
02 Albacete;02069 Roda, La;Todas las edades;Total;1 de enero de 2011;16.414
02 Albacete;02069 Roda, La;Todas las edades;Total;1 de enero de 2010;16.299
02 Albacete;02070 Salobre;Todas las edades;Total;1 de enero de 2022;438
02 Albacete;02070 Salobre;Todas las edades;Total;1 de enero de 2021;461
02 Albacete;02070 Salobre;Todas las edades;Total;1 de enero de 2020;470
02 Albacete;02070 Salobre;Todas las edades;Total;1 de enero de 2019;480
02 Albacete;02070 Salobre;Todas las edades;Total;1 de enero de 2018;501
02 Albacete;02070 Salobre;Todas las edades;Total;1 de enero de 2017;523
02 Albacete;02070 Salobre;Todas las edades;Total;1 de enero de 2016;523
02 Albacete;02070 Salobre;Todas las edades;Total;1 de enero de 2015;554
02 Albacete;02070 Salobre;Todas las edades;Total;1 de enero de 2014;561
02 Albacete;02070 Salobre;Todas las edades;Total;1 de enero de 2013;605
02 Albacete;02070 Salobre;Todas las edades;Total;1 de enero de 2012;606
02 Albacete;02070 Salobre;Todas las edades;Total;1 de enero de 2011;604
02 Albacete;02070 Salobre;Todas las edades;Total;1 de enero de 2010;607
02 Albacete;02071 San Pedro;Todas las edades;Total;1 de enero de 2022;1.142
02 Albacete;02071 San Pedro;Todas las edades;Total;1 de enero de 2021;1.148
02 Albacete;02071 San Pedro;Todas las edades;Total;1 de enero de 2020;1.171
02 Albacete;02071 San Pedro;Todas las edades;Total;1 de enero de 2019;1.242
02 Albacete;02071 San Pedro;Todas las edades;Total;1 de enero de 2018;1.153
02 Albacete;02071 San Pedro;Todas las edades;Total;1 de enero de 2017;1.179
02 Albacete;02071 San Pedro;Todas las edades;Total;1 de enero de 2016;1.232
02 Albacete;02071 San Pedro;Todas las edades;Total;1 de enero de 2015;1.316
02 Albacete;02071 San Pedro;Todas las edades;Total;1 de enero de 2014;1.226
02 Albacete;02071 San Pedro;Todas las edades;Total;1 de enero de 2013;1.243
02 Albacete;02071 San Pedro;Todas las edades;Total;1 de enero de 2012;1.287
02 Albacete;02071 San Pedro;Todas las edades;Total;1 de enero de 2011;1.304
02 Albacete;02071 San Pedro;Todas las edades;Total;1 de enero de 2010;1.272
02 Albacete;02072 Socovos;Todas las edades;Total;1 de enero de 2022;1.743
02 Albacete;02072 Socovos;Todas las edades;Total;1 de enero de 2021;1.750
02 Albacete;02072 Socovos;Todas las edades;Total;1 de enero de 2020;1.778
02 Albacete;02072 Socovos;Todas las edades;Total;1 de enero de 2019;1.787
02 Albacete;02072 Socovos;Todas las edades;Total;1 de enero de 2018;1.790
02 Albacete;02072 Socovos;Todas las edades;Total;1 de enero de 2017;1.788
02 Albacete;02072 Socovos;Todas las edades;Total;1 de enero de 2016;1.819
02 Albacete;02072 Socovos;Todas las edades;Total;1 de enero de 2015;1.832
02 Albacete;02072 Socovos;Todas las edades;Total;1 de enero de 2014;1.881
02 Albacete;02072 Socovos;Todas las edades;Total;1 de enero de 2013;1.934
02 Albacete;02072 Socovos;Todas las edades;Total;1 de enero de 2012;1.975
02 Albacete;02072 Socovos;Todas las edades;Total;1 de enero de 2011;1.983
02 Albacete;02072 Socovos;Todas las edades;Total;1 de enero de 2010;2.001
02 Albacete;02073 Tarazona de la Mancha;Todas las edades;Total;1 de enero de 2022;6.183
02 Albacete;02073 Tarazona de la Mancha;Todas las edades;Total;1 de enero de 2021;6.184
02 Albacete;02073 Tarazona de la Mancha;Todas las edades;Total;1 de enero de 2020;6.187
02 Albacete;02073 Tarazona de la Mancha;Todas las edades;Total;1 de enero de 2019;6.235
02 Albacete;02073 Tarazona de la Mancha;Todas las edades;Total;1 de enero de 2018;6.255
02 Albacete;02073 Tarazona de la Mancha;Todas las edades;Total;1 de enero de 2017;6.363
02 Albacete;02073 Tarazona de la Mancha;Todas las edades;Total;1 de enero de 2016;6.460
02 Albacete;02073 Tarazona de la Mancha;Todas las edades;Total;1 de enero de 2015;6.543
02 Albacete;02073 Tarazona de la Mancha;Todas las edades;Total;1 de enero de 2014;6.550
02 Albacete;02073 Tarazona de la Mancha;Todas las edades;Total;1 de enero de 2013;6.678
02 Albacete;02073 Tarazona de la Mancha;Todas las edades;Total;1 de enero de 2012;6.696
02 Albacete;02073 Tarazona de la Mancha;Todas las edades;Total;1 de enero de 2011;6.647
02 Albacete;02073 Tarazona de la Mancha;Todas las edades;Total;1 de enero de 2010;6.746
02 Albacete;02074 Tobarra;Todas las edades;Total;1 de enero de 2022;7.758
02 Albacete;02074 Tobarra;Todas las edades;Total;1 de enero de 2021;7.691
02 Albacete;02074 Tobarra;Todas las edades;Total;1 de enero de 2020;7.709
02 Albacete;02074 Tobarra;Todas las edades;Total;1 de enero de 2019;7.684
02 Albacete;02074 Tobarra;Todas las edades;Total;1 de enero de 2018;7.738
02 Albacete;02074 Tobarra;Todas las edades;Total;1 de enero de 2017;7.754
02 Albacete;02074 Tobarra;Todas las edades;Total;1 de enero de 2016;7.822
02 Albacete;02074 Tobarra;Todas las edades;Total;1 de enero de 2015;7.973
02 Albacete;02074 Tobarra;Todas las edades;Total;1 de enero de 2014;8.075
02 Albacete;02074 Tobarra;Todas las edades;Total;1 de enero de 2013;8.021
02 Albacete;02074 Tobarra;Todas las edades;Total;1 de enero de 2012;8.153
02 Albacete;02074 Tobarra;Todas las edades;Total;1 de enero de 2011;8.205
02 Albacete;02074 Tobarra;Todas las edades;Total;1 de enero de 2010;8.207
02 Albacete;02075 Valdeganga;Todas las edades;Total;1 de enero de 2022;1.919
02 Albacete;02075 Valdeganga;Todas las edades;Total;1 de enero de 2021;1.947
02 Albacete;02075 Valdeganga;Todas las edades;Total;1 de enero de 2020;1.990
02 Albacete;02075 Valdeganga;Todas las edades;Total;1 de enero de 2019;2.028
02 Albacete;02075 Valdeganga;Todas las edades;Total;1 de enero de 2018;1.943
02 Albacete;02075 Valdeganga;Todas las edades;Total;1 de enero de 2017;1.958
02 Albacete;02075 Valdeganga;Todas las edades;Total;1 de enero de 2016;1.976
02 Albacete;02075 Valdeganga;Todas las edades;Total;1 de enero de 2015;1.991
02 Albacete;02075 Valdeganga;Todas las edades;Total;1 de enero de 2014;1.928
02 Albacete;02075 Valdeganga;Todas las edades;Total;1 de enero de 2013;1.963
02 Albacete;02075 Valdeganga;Todas las edades;Total;1 de enero de 2012;1.980
02 Albacete;02075 Valdeganga;Todas las edades;Total;1 de enero de 2011;1.943
02 Albacete;02075 Valdeganga;Todas las edades;Total;1 de enero de 2010;1.933
02 Albacete;02076 Vianos;Todas las edades;Total;1 de enero de 2022;313
02 Albacete;02076 Vianos;Todas las edades;Total;1 de enero de 2021;327
02 Albacete;02076 Vianos;Todas las edades;Total;1 de enero de 2020;329
02 Albacete;02076 Vianos;Todas las edades;Total;1 de enero de 2019;346
02 Albacete;02076 Vianos;Todas las edades;Total;1 de enero de 2018;355
02 Albacete;02076 Vianos;Todas las edades;Total;1 de enero de 2017;359
02 Albacete;02076 Vianos;Todas las edades;Total;1 de enero de 2016;368
02 Albacete;02076 Vianos;Todas las edades;Total;1 de enero de 2015;376
02 Albacete;02076 Vianos;Todas las edades;Total;1 de enero de 2014;389
02 Albacete;02076 Vianos;Todas las edades;Total;1 de enero de 2013;385
02 Albacete;02076 Vianos;Todas las edades;Total;1 de enero de 2012;400
02 Albacete;02076 Vianos;Todas las edades;Total;1 de enero de 2011;414
02 Albacete;02076 Vianos;Todas las edades;Total;1 de enero de 2010;412
02 Albacete;02077 Villa de Ves;Todas las edades;Total;1 de enero de 2022;60
02 Albacete;02077 Villa de Ves;Todas las edades;Total;1 de enero de 2021;62
02 Albacete;02077 Villa de Ves;Todas las edades;Total;1 de enero de 2020;61
02 Albacete;02077 Villa de Ves;Todas las edades;Total;1 de enero de 2019;56
02 Albacete;02077 Villa de Ves;Todas las edades;Total;1 de enero de 2018;57
02 Albacete;02077 Villa de Ves;Todas las edades;Total;1 de enero de 2017;59
02 Albacete;02077 Villa de Ves;Todas las edades;Total;1 de enero de 2016;63
02 Albacete;02077 Villa de Ves;Todas las edades;Total;1 de enero de 2015;59
02 Albacete;02077 Villa de Ves;Todas las edades;Total;1 de enero de 2014;54
02 Albacete;02077 Villa de Ves;Todas las edades;Total;1 de enero de 2013;50
02 Albacete;02077 Villa de Ves;Todas las edades;Total;1 de enero de 2012;53
02 Albacete;02077 Villa de Ves;Todas las edades;Total;1 de enero de 2011;56
02 Albacete;02077 Villa de Ves;Todas las edades;Total;1 de enero de 2010;58
02 Albacete;02078 Villalgordo del Júcar;Todas las edades;Total;1 de enero de 2022;1.072
02 Albacete;02078 Villalgordo del Júcar;Todas las edades;Total;1 de enero de 2021;1.081
02 Albacete;02078 Villalgordo del Júcar;Todas las edades;Total;1 de enero de 2020;1.102
02 Albacete;02078 Villalgordo del Júcar;Todas las edades;Total;1 de enero de 2019;1.094
02 Albacete;02078 Villalgordo del Júcar;Todas las edades;Total;1 de enero de 2018;1.115
02 Albacete;02078 Villalgordo del Júcar;Todas las edades;Total;1 de enero de 2017;1.125
02 Albacete;02078 Villalgordo del Júcar;Todas las edades;Total;1 de enero de 2016;1.128
02 Albacete;02078 Villalgordo del Júcar;Todas las edades;Total;1 de enero de 2015;1.147
02 Albacete;02078 Villalgordo del Júcar;Todas las edades;Total;1 de enero de 2014;1.157
02 Albacete;02078 Villalgordo del Júcar;Todas las edades;Total;1 de enero de 2013;1.222
02 Albacete;02078 Villalgordo del Júcar;Todas las edades;Total;1 de enero de 2012;1.240
02 Albacete;02078 Villalgordo del Júcar;Todas las edades;Total;1 de enero de 2011;1.277
02 Albacete;02078 Villalgordo del Júcar;Todas las edades;Total;1 de enero de 2010;1.276
02 Albacete;02079 Villamalea;Todas las edades;Total;1 de enero de 2022;4.000
02 Albacete;02079 Villamalea;Todas las edades;Total;1 de enero de 2021;4.040
02 Albacete;02079 Villamalea;Todas las edades;Total;1 de enero de 2020;4.070
02 Albacete;02079 Villamalea;Todas las edades;Total;1 de enero de 2019;4.027
02 Albacete;02079 Villamalea;Todas las edades;Total;1 de enero de 2018;4.112
02 Albacete;02079 Villamalea;Todas las edades;Total;1 de enero de 2017;4.124
02 Albacete;02079 Villamalea;Todas las edades;Total;1 de enero de 2016;4.082
02 Albacete;02079 Villamalea;Todas las edades;Total;1 de enero de 2015;4.106
02 Albacete;02079 Villamalea;Todas las edades;Total;1 de enero de 2014;4.148
02 Albacete;02079 Villamalea;Todas las edades;Total;1 de enero de 2013;4.096
02 Albacete;02079 Villamalea;Todas las edades;Total;1 de enero de 2012;4.164
02 Albacete;02079 Villamalea;Todas las edades;Total;1 de enero de 2011;4.051
02 Albacete;02079 Villamalea;Todas las edades;Total;1 de enero de 2010;4.024
02 Albacete;02080 Villapalacios;Todas las edades;Total;1 de enero de 2022;555
02 Albacete;02080 Villapalacios;Todas las edades;Total;1 de enero de 2021;556
02 Albacete;02080 Villapalacios;Todas las edades;Total;1 de enero de 2020;583
02 Albacete;02080 Villapalacios;Todas las edades;Total;1 de enero de 2019;583
02 Albacete;02080 Villapalacios;Todas las edades;Total;1 de enero de 2018;589
02 Albacete;02080 Villapalacios;Todas las edades;Total;1 de enero de 2017;594
02 Albacete;02080 Villapalacios;Todas las edades;Total;1 de enero de 2016;628
02 Albacete;02080 Villapalacios;Todas las edades;Total;1 de enero de 2015;628
02 Albacete;02080 Villapalacios;Todas las edades;Total;1 de enero de 2014;624
02 Albacete;02080 Villapalacios;Todas las edades;Total;1 de enero de 2013;650
02 Albacete;02080 Villapalacios;Todas las edades;Total;1 de enero de 2012;682
02 Albacete;02080 Villapalacios;Todas las edades;Total;1 de enero de 2011;703
02 Albacete;02080 Villapalacios;Todas las edades;Total;1 de enero de 2010;706
02 Albacete;02081 Villarrobledo;Todas las edades;Total;1 de enero de 2022;24.886
02 Albacete;02081 Villarrobledo;Todas las edades;Total;1 de enero de 2021;24.978
02 Albacete;02081 Villarrobledo;Todas las edades;Total;1 de enero de 2020;25.116
02 Albacete;02081 Villarrobledo;Todas las edades;Total;1 de enero de 2019;25.184
02 Albacete;02081 Villarrobledo;Todas las edades;Total;1 de enero de 2018;25.241
02 Albacete;02081 Villarrobledo;Todas las edades;Total;1 de enero de 2017;25.317
02 Albacete;02081 Villarrobledo;Todas las edades;Total;1 de enero de 2016;25.589
02 Albacete;02081 Villarrobledo;Todas las edades;Total;1 de enero de 2015;25.989
02 Albacete;02081 Villarrobledo;Todas las edades;Total;1 de enero de 2014;26.419
02 Albacete;02081 Villarrobledo;Todas las edades;Total;1 de enero de 2013;26.513
02 Albacete;02081 Villarrobledo;Todas las edades;Total;1 de enero de 2012;26.583
02 Albacete;02081 Villarrobledo;Todas las edades;Total;1 de enero de 2011;26.485
02 Albacete;02081 Villarrobledo;Todas las edades;Total;1 de enero de 2010;26.686
02 Albacete;02082 Villatoya;Todas las edades;Total;1 de enero de 2022;106
02 Albacete;02082 Villatoya;Todas las edades;Total;1 de enero de 2021;108
02 Albacete;02082 Villatoya;Todas las edades;Total;1 de enero de 2020;109
02 Albacete;02082 Villatoya;Todas las edades;Total;1 de enero de 2019;109
02 Albacete;02082 Villatoya;Todas las edades;Total;1 de enero de 2018;95
02 Albacete;02082 Villatoya;Todas las edades;Total;1 de enero de 2017;107
02 Albacete;02082 Villatoya;Todas las edades;Total;1 de enero de 2016;110
02 Albacete;02082 Villatoya;Todas las edades;Total;1 de enero de 2015;115
02 Albacete;02082 Villatoya;Todas las edades;Total;1 de enero de 2014;112
02 Albacete;02082 Villatoya;Todas las edades;Total;1 de enero de 2013;119
02 Albacete;02082 Villatoya;Todas las edades;Total;1 de enero de 2012;135
02 Albacete;02082 Villatoya;Todas las edades;Total;1 de enero de 2011;136
02 Albacete;02082 Villatoya;Todas las edades;Total;1 de enero de 2010;135
02 Albacete;02083 Villavaliente;Todas las edades;Total;1 de enero de 2022;202
02 Albacete;02083 Villavaliente;Todas las edades;Total;1 de enero de 2021;214
02 Albacete;02083 Villavaliente;Todas las edades;Total;1 de enero de 2020;220
02 Albacete;02083 Villavaliente;Todas las edades;Total;1 de enero de 2019;224
02 Albacete;02083 Villavaliente;Todas las edades;Total;1 de enero de 2018;226
02 Albacete;02083 Villavaliente;Todas las edades;Total;1 de enero de 2017;219
02 Albacete;02083 Villavaliente;Todas las edades;Total;1 de enero de 2016;234
02 Albacete;02083 Villavaliente;Todas las edades;Total;1 de enero de 2015;238
02 Albacete;02083 Villavaliente;Todas las edades;Total;1 de enero de 2014;249
02 Albacete;02083 Villavaliente;Todas las edades;Total;1 de enero de 2013;264
02 Albacete;02083 Villavaliente;Todas las edades;Total;1 de enero de 2012;268
02 Albacete;02083 Villavaliente;Todas las edades;Total;1 de enero de 2011;274
02 Albacete;02083 Villavaliente;Todas las edades;Total;1 de enero de 2010;269
02 Albacete;02084 Villaverde de Guadalimar;Todas las edades;Total;1 de enero de 2022;321
02 Albacete;02084 Villaverde de Guadalimar;Todas las edades;Total;1 de enero de 2021;333
02 Albacete;02084 Villaverde de Guadalimar;Todas las edades;Total;1 de enero de 2020;325
02 Albacete;02084 Villaverde de Guadalimar;Todas las edades;Total;1 de enero de 2019;338
02 Albacete;02084 Villaverde de Guadalimar;Todas las edades;Total;1 de enero de 2018;340
02 Albacete;02084 Villaverde de Guadalimar;Todas las edades;Total;1 de enero de 2017;349
02 Albacete;02084 Villaverde de Guadalimar;Todas las edades;Total;1 de enero de 2016;359
02 Albacete;02084 Villaverde de Guadalimar;Todas las edades;Total;1 de enero de 2015;373
02 Albacete;02084 Villaverde de Guadalimar;Todas las edades;Total;1 de enero de 2014;381
02 Albacete;02084 Villaverde de Guadalimar;Todas las edades;Total;1 de enero de 2013;402
02 Albacete;02084 Villaverde de Guadalimar;Todas las edades;Total;1 de enero de 2012;404
02 Albacete;02084 Villaverde de Guadalimar;Todas las edades;Total;1 de enero de 2011;417
02 Albacete;02084 Villaverde de Guadalimar;Todas las edades;Total;1 de enero de 2010;425
02 Albacete;02085 Viveros;Todas las edades;Total;1 de enero de 2022;335
02 Albacete;02085 Viveros;Todas las edades;Total;1 de enero de 2021;328
02 Albacete;02085 Viveros;Todas las edades;Total;1 de enero de 2020;329
02 Albacete;02085 Viveros;Todas las edades;Total;1 de enero de 2019;337
02 Albacete;02085 Viveros;Todas las edades;Total;1 de enero de 2018;340
02 Albacete;02085 Viveros;Todas las edades;Total;1 de enero de 2017;338
02 Albacete;02085 Viveros;Todas las edades;Total;1 de enero de 2016;337
02 Albacete;02085 Viveros;Todas las edades;Total;1 de enero de 2015;300
02 Albacete;02085 Viveros;Todas las edades;Total;1 de enero de 2014;310
02 Albacete;02085 Viveros;Todas las edades;Total;1 de enero de 2013;302
02 Albacete;02085 Viveros;Todas las edades;Total;1 de enero de 2012;356
02 Albacete;02085 Viveros;Todas las edades;Total;1 de enero de 2011;379
02 Albacete;02085 Viveros;Todas las edades;Total;1 de enero de 2010;385
02 Albacete;02086 Yeste;Todas las edades;Total;1 de enero de 2022;2.495
02 Albacete;02086 Yeste;Todas las edades;Total;1 de enero de 2021;2.567
02 Albacete;02086 Yeste;Todas las edades;Total;1 de enero de 2020;2.614
02 Albacete;02086 Yeste;Todas las edades;Total;1 de enero de 2019;2.657
02 Albacete;02086 Yeste;Todas las edades;Total;1 de enero de 2018;2.674
02 Albacete;02086 Yeste;Todas las edades;Total;1 de enero de 2017;2.742
02 Albacete;02086 Yeste;Todas las edades;Total;1 de enero de 2016;2.818
02 Albacete;02086 Yeste;Todas las edades;Total;1 de enero de 2015;2.869
02 Albacete;02086 Yeste;Todas las edades;Total;1 de enero de 2014;2.964
02 Albacete;02086 Yeste;Todas las edades;Total;1 de enero de 2013;3.052
02 Albacete;02086 Yeste;Todas las edades;Total;1 de enero de 2012;3.157
02 Albacete;02086 Yeste;Todas las edades;Total;1 de enero de 2011;3.268
02 Albacete;02086 Yeste;Todas las edades;Total;1 de enero de 2010;3.331
