Sexo;Provincias;Municipios;Edad (grupos quinquenales);Periodo;Total
Total;13 Ciudad Real;13001 Abenójar;Todas las edades;1 de enero de 2020;1.351
Total;13 Ciudad Real;13001 Abenójar;De 0 a 4 años;1 de enero de 2020;35
Total;13 Ciudad Real;13001 Abenójar;De 5 a 9 años;1 de enero de 2020;41
Total;13 Ciudad Real;13001 Abenójar;De 10 a 14 años;1 de enero de 2020;43
Total;13 Ciudad Real;13001 Abenójar;De 65 a 69 años;1 de enero de 2020;74
Total;13 Ciudad Real;13001 Abenójar;De 70 a 74 años;1 de enero de 2020;77
Total;13 Ciudad Real;13001 Abenójar;De 75 a 79 años;1 de enero de 2020;61
Total;13 Ciudad Real;13001 Abenójar;De 80 a 84 años;1 de enero de 2020;73
Total;13 Ciudad Real;13001 Abenójar;De 85 a 89 años;1 de enero de 2020;71
Total;13 Ciudad Real;13001 Abenójar;De 90 a 94 años;1 de enero de 2020;28
Total;13 Ciudad Real;13001 Abenójar;De 95 a 99 años;1 de enero de 2020;4
Total;13 Ciudad Real;13001 Abenójar;100 y más años;1 de enero de 2020;1
Total;13 Ciudad Real;13002 Agudo;Todas las edades;1 de enero de 2020;1.657
Total;13 Ciudad Real;13002 Agudo;De 0 a 4 años;1 de enero de 2020;65
Total;13 Ciudad Real;13002 Agudo;De 5 a 9 años;1 de enero de 2020;59
Total;13 Ciudad Real;13002 Agudo;De 10 a 14 años;1 de enero de 2020;53
Total;13 Ciudad Real;13002 Agudo;De 65 a 69 años;1 de enero de 2020;96
Total;13 Ciudad Real;13002 Agudo;De 70 a 74 años;1 de enero de 2020;99
Total;13 Ciudad Real;13002 Agudo;De 75 a 79 años;1 de enero de 2020;112
Total;13 Ciudad Real;13002 Agudo;De 80 a 84 años;1 de enero de 2020;116
Total;13 Ciudad Real;13002 Agudo;De 85 a 89 años;1 de enero de 2020;91
Total;13 Ciudad Real;13002 Agudo;De 90 a 94 años;1 de enero de 2020;26
Total;13 Ciudad Real;13002 Agudo;De 95 a 99 años;1 de enero de 2020;8
Total;13 Ciudad Real;13002 Agudo;100 y más años;1 de enero de 2020;2
Total;13 Ciudad Real;13003 Alamillo;Todas las edades;1 de enero de 2020;476
Total;13 Ciudad Real;13003 Alamillo;De 0 a 4 años;1 de enero de 2020;9
Total;13 Ciudad Real;13003 Alamillo;De 5 a 9 años;1 de enero de 2020;3
Total;13 Ciudad Real;13003 Alamillo;De 10 a 14 años;1 de enero de 2020;11
Total;13 Ciudad Real;13003 Alamillo;De 65 a 69 años;1 de enero de 2020;36
Total;13 Ciudad Real;13003 Alamillo;De 70 a 74 años;1 de enero de 2020;46
Total;13 Ciudad Real;13003 Alamillo;De 75 a 79 años;1 de enero de 2020;27
Total;13 Ciudad Real;13003 Alamillo;De 80 a 84 años;1 de enero de 2020;25
Total;13 Ciudad Real;13003 Alamillo;De 85 a 89 años;1 de enero de 2020;35
Total;13 Ciudad Real;13003 Alamillo;De 90 a 94 años;1 de enero de 2020;13
Total;13 Ciudad Real;13003 Alamillo;De 95 a 99 años;1 de enero de 2020;5
Total;13 Ciudad Real;13003 Alamillo;100 y más años;1 de enero de 2020;0
Total;13 Ciudad Real;13004 Albaladejo;Todas las edades;1 de enero de 2020;1.108
Total;13 Ciudad Real;13004 Albaladejo;De 0 a 4 años;1 de enero de 2020;20
Total;13 Ciudad Real;13004 Albaladejo;De 5 a 9 años;1 de enero de 2020;29
Total;13 Ciudad Real;13004 Albaladejo;De 10 a 14 años;1 de enero de 2020;30
Total;13 Ciudad Real;13004 Albaladejo;De 65 a 69 años;1 de enero de 2020;68
Total;13 Ciudad Real;13004 Albaladejo;De 70 a 74 años;1 de enero de 2020;78
Total;13 Ciudad Real;13004 Albaladejo;De 75 a 79 años;1 de enero de 2020;81
Total;13 Ciudad Real;13004 Albaladejo;De 80 a 84 años;1 de enero de 2020;62
Total;13 Ciudad Real;13004 Albaladejo;De 85 a 89 años;1 de enero de 2020;48
Total;13 Ciudad Real;13004 Albaladejo;De 90 a 94 años;1 de enero de 2020;10
Total;13 Ciudad Real;13004 Albaladejo;De 95 a 99 años;1 de enero de 2020;6
Total;13 Ciudad Real;13004 Albaladejo;100 y más años;1 de enero de 2020;2
Total;13 Ciudad Real;13005 Alcázar de San Juan;Todas las edades;1 de enero de 2020;30.766
Total;13 Ciudad Real;13005 Alcázar de San Juan;De 0 a 4 años;1 de enero de 2020;1.338
Total;13 Ciudad Real;13005 Alcázar de San Juan;De 5 a 9 años;1 de enero de 2020;1.609
Total;13 Ciudad Real;13005 Alcázar de San Juan;De 10 a 14 años;1 de enero de 2020;1.752
Total;13 Ciudad Real;13005 Alcázar de San Juan;De 65 a 69 años;1 de enero de 2020;1.391
Total;13 Ciudad Real;13005 Alcázar de San Juan;De 70 a 74 años;1 de enero de 2020;1.275
Total;13 Ciudad Real;13005 Alcázar de San Juan;De 75 a 79 años;1 de enero de 2020;1.020
Total;13 Ciudad Real;13005 Alcázar de San Juan;De 80 a 84 años;1 de enero de 2020;771
Total;13 Ciudad Real;13005 Alcázar de San Juan;De 85 a 89 años;1 de enero de 2020;662
Total;13 Ciudad Real;13005 Alcázar de San Juan;De 90 a 94 años;1 de enero de 2020;292
Total;13 Ciudad Real;13005 Alcázar de San Juan;De 95 a 99 años;1 de enero de 2020;49
Total;13 Ciudad Real;13005 Alcázar de San Juan;100 y más años;1 de enero de 2020;4
Total;13 Ciudad Real;13006 Alcoba;Todas las edades;1 de enero de 2020;542
Total;13 Ciudad Real;13006 Alcoba;De 0 a 4 años;1 de enero de 2020;5
Total;13 Ciudad Real;13006 Alcoba;De 5 a 9 años;1 de enero de 2020;11
Total;13 Ciudad Real;13006 Alcoba;De 10 a 14 años;1 de enero de 2020;15
Total;13 Ciudad Real;13006 Alcoba;De 65 a 69 años;1 de enero de 2020;39
Total;13 Ciudad Real;13006 Alcoba;De 70 a 74 años;1 de enero de 2020;27
Total;13 Ciudad Real;13006 Alcoba;De 75 a 79 años;1 de enero de 2020;26
Total;13 Ciudad Real;13006 Alcoba;De 80 a 84 años;1 de enero de 2020;34
Total;13 Ciudad Real;13006 Alcoba;De 85 a 89 años;1 de enero de 2020;17
Total;13 Ciudad Real;13006 Alcoba;De 90 a 94 años;1 de enero de 2020;9
Total;13 Ciudad Real;13006 Alcoba;De 95 a 99 años;1 de enero de 2020;5
Total;13 Ciudad Real;13006 Alcoba;100 y más años;1 de enero de 2020;1
Total;13 Ciudad Real;13007 Alcolea de Calatrava;Todas las edades;1 de enero de 2020;1.387
Total;13 Ciudad Real;13007 Alcolea de Calatrava;De 0 a 4 años;1 de enero de 2020;36
Total;13 Ciudad Real;13007 Alcolea de Calatrava;De 5 a 9 años;1 de enero de 2020;39
Total;13 Ciudad Real;13007 Alcolea de Calatrava;De 10 a 14 años;1 de enero de 2020;49
Total;13 Ciudad Real;13007 Alcolea de Calatrava;De 65 a 69 años;1 de enero de 2020;62
Total;13 Ciudad Real;13007 Alcolea de Calatrava;De 70 a 74 años;1 de enero de 2020;82
Total;13 Ciudad Real;13007 Alcolea de Calatrava;De 75 a 79 años;1 de enero de 2020;54
Total;13 Ciudad Real;13007 Alcolea de Calatrava;De 80 a 84 años;1 de enero de 2020;59
Total;13 Ciudad Real;13007 Alcolea de Calatrava;De 85 a 89 años;1 de enero de 2020;71
Total;13 Ciudad Real;13007 Alcolea de Calatrava;De 90 a 94 años;1 de enero de 2020;22
Total;13 Ciudad Real;13007 Alcolea de Calatrava;De 95 a 99 años;1 de enero de 2020;3
Total;13 Ciudad Real;13007 Alcolea de Calatrava;100 y más años;1 de enero de 2020;0
Total;13 Ciudad Real;13008 Alcubillas;Todas las edades;1 de enero de 2020;461
Total;13 Ciudad Real;13008 Alcubillas;De 0 a 4 años;1 de enero de 2020;7
Total;13 Ciudad Real;13008 Alcubillas;De 5 a 9 años;1 de enero de 2020;7
Total;13 Ciudad Real;13008 Alcubillas;De 10 a 14 años;1 de enero de 2020;6
Total;13 Ciudad Real;13008 Alcubillas;De 65 a 69 años;1 de enero de 2020;44
Total;13 Ciudad Real;13008 Alcubillas;De 70 a 74 años;1 de enero de 2020;23
Total;13 Ciudad Real;13008 Alcubillas;De 75 a 79 años;1 de enero de 2020;25
Total;13 Ciudad Real;13008 Alcubillas;De 80 a 84 años;1 de enero de 2020;29
Total;13 Ciudad Real;13008 Alcubillas;De 85 a 89 años;1 de enero de 2020;30
Total;13 Ciudad Real;13008 Alcubillas;De 90 a 94 años;1 de enero de 2020;11
Total;13 Ciudad Real;13008 Alcubillas;De 95 a 99 años;1 de enero de 2020;0
Total;13 Ciudad Real;13008 Alcubillas;100 y más años;1 de enero de 2020;1
Total;13 Ciudad Real;13009 Aldea del Rey;Todas las edades;1 de enero de 2020;1.631
Total;13 Ciudad Real;13009 Aldea del Rey;De 0 a 4 años;1 de enero de 2020;36
Total;13 Ciudad Real;13009 Aldea del Rey;De 5 a 9 años;1 de enero de 2020;45
Total;13 Ciudad Real;13009 Aldea del Rey;De 10 a 14 años;1 de enero de 2020;73
Total;13 Ciudad Real;13009 Aldea del Rey;De 65 a 69 años;1 de enero de 2020;100
Total;13 Ciudad Real;13009 Aldea del Rey;De 70 a 74 años;1 de enero de 2020;103
Total;13 Ciudad Real;13009 Aldea del Rey;De 75 a 79 años;1 de enero de 2020;96
Total;13 Ciudad Real;13009 Aldea del Rey;De 80 a 84 años;1 de enero de 2020;79
Total;13 Ciudad Real;13009 Aldea del Rey;De 85 a 89 años;1 de enero de 2020;57
Total;13 Ciudad Real;13009 Aldea del Rey;De 90 a 94 años;1 de enero de 2020;29
Total;13 Ciudad Real;13009 Aldea del Rey;De 95 a 99 años;1 de enero de 2020;6
Total;13 Ciudad Real;13009 Aldea del Rey;100 y más años;1 de enero de 2020;1
Total;13 Ciudad Real;13010 Alhambra;Todas las edades;1 de enero de 2020;1.005
Total;13 Ciudad Real;13010 Alhambra;De 0 a 4 años;1 de enero de 2020;28
Total;13 Ciudad Real;13010 Alhambra;De 5 a 9 años;1 de enero de 2020;26
Total;13 Ciudad Real;13010 Alhambra;De 10 a 14 años;1 de enero de 2020;31
Total;13 Ciudad Real;13010 Alhambra;De 65 a 69 años;1 de enero de 2020;48
Total;13 Ciudad Real;13010 Alhambra;De 70 a 74 años;1 de enero de 2020;49
Total;13 Ciudad Real;13010 Alhambra;De 75 a 79 años;1 de enero de 2020;51
Total;13 Ciudad Real;13010 Alhambra;De 80 a 84 años;1 de enero de 2020;51
Total;13 Ciudad Real;13010 Alhambra;De 85 a 89 años;1 de enero de 2020;33
Total;13 Ciudad Real;13010 Alhambra;De 90 a 94 años;1 de enero de 2020;11
Total;13 Ciudad Real;13010 Alhambra;De 95 a 99 años;1 de enero de 2020;0
Total;13 Ciudad Real;13010 Alhambra;100 y más años;1 de enero de 2020;0
Total;13 Ciudad Real;13011 Almadén;Todas las edades;1 de enero de 2020;5.200
Total;13 Ciudad Real;13011 Almadén;De 0 a 4 años;1 de enero de 2020;147
Total;13 Ciudad Real;13011 Almadén;De 5 a 9 años;1 de enero de 2020;178
Total;13 Ciudad Real;13011 Almadén;De 10 a 14 años;1 de enero de 2020;238
Total;13 Ciudad Real;13011 Almadén;De 65 a 69 años;1 de enero de 2020;246
Total;13 Ciudad Real;13011 Almadén;De 70 a 74 años;1 de enero de 2020;298
Total;13 Ciudad Real;13011 Almadén;De 75 a 79 años;1 de enero de 2020;283
Total;13 Ciudad Real;13011 Almadén;De 80 a 84 años;1 de enero de 2020;233
Total;13 Ciudad Real;13011 Almadén;De 85 a 89 años;1 de enero de 2020;226
Total;13 Ciudad Real;13011 Almadén;De 90 a 94 años;1 de enero de 2020;87
Total;13 Ciudad Real;13011 Almadén;De 95 a 99 años;1 de enero de 2020;18
Total;13 Ciudad Real;13011 Almadén;100 y más años;1 de enero de 2020;4
Total;13 Ciudad Real;13012 Almadenejos;Todas las edades;1 de enero de 2020;405
Total;13 Ciudad Real;13012 Almadenejos;De 0 a 4 años;1 de enero de 2020;8
Total;13 Ciudad Real;13012 Almadenejos;De 5 a 9 años;1 de enero de 2020;11
Total;13 Ciudad Real;13012 Almadenejos;De 10 a 14 años;1 de enero de 2020;14
Total;13 Ciudad Real;13012 Almadenejos;De 65 a 69 años;1 de enero de 2020;28
Total;13 Ciudad Real;13012 Almadenejos;De 70 a 74 años;1 de enero de 2020;17
Total;13 Ciudad Real;13012 Almadenejos;De 75 a 79 años;1 de enero de 2020;27
Total;13 Ciudad Real;13012 Almadenejos;De 80 a 84 años;1 de enero de 2020;26
Total;13 Ciudad Real;13012 Almadenejos;De 85 a 89 años;1 de enero de 2020;20
Total;13 Ciudad Real;13012 Almadenejos;De 90 a 94 años;1 de enero de 2020;5
Total;13 Ciudad Real;13012 Almadenejos;De 95 a 99 años;1 de enero de 2020;3
Total;13 Ciudad Real;13012 Almadenejos;100 y más años;1 de enero de 2020;1
Total;13 Ciudad Real;13013 Almagro;Todas las edades;1 de enero de 2020;8.905
Total;13 Ciudad Real;13013 Almagro;De 0 a 4 años;1 de enero de 2020;378
Total;13 Ciudad Real;13013 Almagro;De 5 a 9 años;1 de enero de 2020;446
Total;13 Ciudad Real;13013 Almagro;De 10 a 14 años;1 de enero de 2020;478
Total;13 Ciudad Real;13013 Almagro;De 65 a 69 años;1 de enero de 2020;381
Total;13 Ciudad Real;13013 Almagro;De 70 a 74 años;1 de enero de 2020;376
Total;13 Ciudad Real;13013 Almagro;De 75 a 79 años;1 de enero de 2020;289
Total;13 Ciudad Real;13013 Almagro;De 80 a 84 años;1 de enero de 2020;270
Total;13 Ciudad Real;13013 Almagro;De 85 a 89 años;1 de enero de 2020;212
Total;13 Ciudad Real;13013 Almagro;De 90 a 94 años;1 de enero de 2020;70
Total;13 Ciudad Real;13013 Almagro;De 95 a 99 años;1 de enero de 2020;15
Total;13 Ciudad Real;13013 Almagro;100 y más años;1 de enero de 2020;1
Total;13 Ciudad Real;13014 Almedina;Todas las edades;1 de enero de 2020;500
Total;13 Ciudad Real;13014 Almedina;De 0 a 4 años;1 de enero de 2020;6
Total;13 Ciudad Real;13014 Almedina;De 5 a 9 años;1 de enero de 2020;8
Total;13 Ciudad Real;13014 Almedina;De 10 a 14 años;1 de enero de 2020;11
Total;13 Ciudad Real;13014 Almedina;De 65 a 69 años;1 de enero de 2020;28
Total;13 Ciudad Real;13014 Almedina;De 70 a 74 años;1 de enero de 2020;36
Total;13 Ciudad Real;13014 Almedina;De 75 a 79 años;1 de enero de 2020;29
Total;13 Ciudad Real;13014 Almedina;De 80 a 84 años;1 de enero de 2020;21
Total;13 Ciudad Real;13014 Almedina;De 85 a 89 años;1 de enero de 2020;28
Total;13 Ciudad Real;13014 Almedina;De 90 a 94 años;1 de enero de 2020;11
Total;13 Ciudad Real;13014 Almedina;De 95 a 99 años;1 de enero de 2020;3
Total;13 Ciudad Real;13014 Almedina;100 y más años;1 de enero de 2020;0
Total;13 Ciudad Real;13015 Almodóvar del Campo;Todas las edades;1 de enero de 2020;5.983
Total;13 Ciudad Real;13015 Almodóvar del Campo;De 0 a 4 años;1 de enero de 2020;179
Total;13 Ciudad Real;13015 Almodóvar del Campo;De 5 a 9 años;1 de enero de 2020;175
Total;13 Ciudad Real;13015 Almodóvar del Campo;De 10 a 14 años;1 de enero de 2020;232
Total;13 Ciudad Real;13015 Almodóvar del Campo;De 65 a 69 años;1 de enero de 2020;396
Total;13 Ciudad Real;13015 Almodóvar del Campo;De 70 a 74 años;1 de enero de 2020;420
Total;13 Ciudad Real;13015 Almodóvar del Campo;De 75 a 79 años;1 de enero de 2020;328
Total;13 Ciudad Real;13015 Almodóvar del Campo;De 80 a 84 años;1 de enero de 2020;273
Total;13 Ciudad Real;13015 Almodóvar del Campo;De 85 a 89 años;1 de enero de 2020;238
Total;13 Ciudad Real;13015 Almodóvar del Campo;De 90 a 94 años;1 de enero de 2020;97
Total;13 Ciudad Real;13015 Almodóvar del Campo;De 95 a 99 años;1 de enero de 2020;29
Total;13 Ciudad Real;13015 Almodóvar del Campo;100 y más años;1 de enero de 2020;6
Total;13 Ciudad Real;13016 Almuradiel;Todas las edades;1 de enero de 2020;761
Total;13 Ciudad Real;13016 Almuradiel;De 0 a 4 años;1 de enero de 2020;25
Total;13 Ciudad Real;13016 Almuradiel;De 5 a 9 años;1 de enero de 2020;30
Total;13 Ciudad Real;13016 Almuradiel;De 10 a 14 años;1 de enero de 2020;20
Total;13 Ciudad Real;13016 Almuradiel;De 65 a 69 años;1 de enero de 2020;51
Total;13 Ciudad Real;13016 Almuradiel;De 70 a 74 años;1 de enero de 2020;41
Total;13 Ciudad Real;13016 Almuradiel;De 75 a 79 años;1 de enero de 2020;24
Total;13 Ciudad Real;13016 Almuradiel;De 80 a 84 años;1 de enero de 2020;31
Total;13 Ciudad Real;13016 Almuradiel;De 85 a 89 años;1 de enero de 2020;24
Total;13 Ciudad Real;13016 Almuradiel;De 90 a 94 años;1 de enero de 2020;10
Total;13 Ciudad Real;13016 Almuradiel;De 95 a 99 años;1 de enero de 2020;3
Total;13 Ciudad Real;13016 Almuradiel;100 y más años;1 de enero de 2020;1
Total;13 Ciudad Real;13017 Anchuras;Todas las edades;1 de enero de 2020;295
Total;13 Ciudad Real;13017 Anchuras;De 0 a 4 años;1 de enero de 2020;4
Total;13 Ciudad Real;13017 Anchuras;De 5 a 9 años;1 de enero de 2020;11
Total;13 Ciudad Real;13017 Anchuras;De 10 a 14 años;1 de enero de 2020;13
Total;13 Ciudad Real;13017 Anchuras;De 65 a 69 años;1 de enero de 2020;24
Total;13 Ciudad Real;13017 Anchuras;De 70 a 74 años;1 de enero de 2020;17
Total;13 Ciudad Real;13017 Anchuras;De 75 a 79 años;1 de enero de 2020;19
Total;13 Ciudad Real;13017 Anchuras;De 80 a 84 años;1 de enero de 2020;24
Total;13 Ciudad Real;13017 Anchuras;De 85 a 89 años;1 de enero de 2020;20
Total;13 Ciudad Real;13017 Anchuras;De 90 a 94 años;1 de enero de 2020;10
Total;13 Ciudad Real;13017 Anchuras;De 95 a 99 años;1 de enero de 2020;4
Total;13 Ciudad Real;13017 Anchuras;100 y más años;1 de enero de 2020;0
Total;13 Ciudad Real;13903 Arenales de San Gregorio;Todas las edades;1 de enero de 2020;588
Total;13 Ciudad Real;13903 Arenales de San Gregorio;De 0 a 4 años;1 de enero de 2020;16
Total;13 Ciudad Real;13903 Arenales de San Gregorio;De 5 a 9 años;1 de enero de 2020;14
Total;13 Ciudad Real;13903 Arenales de San Gregorio;De 10 a 14 años;1 de enero de 2020;33
Total;13 Ciudad Real;13903 Arenales de San Gregorio;De 65 a 69 años;1 de enero de 2020;37
Total;13 Ciudad Real;13903 Arenales de San Gregorio;De 70 a 74 años;1 de enero de 2020;42
Total;13 Ciudad Real;13903 Arenales de San Gregorio;De 75 a 79 años;1 de enero de 2020;42
Total;13 Ciudad Real;13903 Arenales de San Gregorio;De 80 a 84 años;1 de enero de 2020;22
Total;13 Ciudad Real;13903 Arenales de San Gregorio;De 85 a 89 años;1 de enero de 2020;18
Total;13 Ciudad Real;13903 Arenales de San Gregorio;De 90 a 94 años;1 de enero de 2020;10
Total;13 Ciudad Real;13903 Arenales de San Gregorio;De 95 a 99 años;1 de enero de 2020;2
Total;13 Ciudad Real;13903 Arenales de San Gregorio;100 y más años;1 de enero de 2020;0
Total;13 Ciudad Real;13018 Arenas de San Juan;Todas las edades;1 de enero de 2020;1.011
Total;13 Ciudad Real;13018 Arenas de San Juan;De 0 a 4 años;1 de enero de 2020;55
Total;13 Ciudad Real;13018 Arenas de San Juan;De 5 a 9 años;1 de enero de 2020;52
Total;13 Ciudad Real;13018 Arenas de San Juan;De 10 a 14 años;1 de enero de 2020;53
Total;13 Ciudad Real;13018 Arenas de San Juan;De 65 a 69 años;1 de enero de 2020;54
Total;13 Ciudad Real;13018 Arenas de San Juan;De 70 a 74 años;1 de enero de 2020;55
Total;13 Ciudad Real;13018 Arenas de San Juan;De 75 a 79 años;1 de enero de 2020;38
Total;13 Ciudad Real;13018 Arenas de San Juan;De 80 a 84 años;1 de enero de 2020;35
Total;13 Ciudad Real;13018 Arenas de San Juan;De 85 a 89 años;1 de enero de 2020;26
Total;13 Ciudad Real;13018 Arenas de San Juan;De 90 a 94 años;1 de enero de 2020;12
Total;13 Ciudad Real;13018 Arenas de San Juan;De 95 a 99 años;1 de enero de 2020;0
Total;13 Ciudad Real;13018 Arenas de San Juan;100 y más años;1 de enero de 2020;1
Total;13 Ciudad Real;13019 Argamasilla de Alba;Todas las edades;1 de enero de 2020;6.955
Total;13 Ciudad Real;13019 Argamasilla de Alba;De 0 a 4 años;1 de enero de 2020;298
Total;13 Ciudad Real;13019 Argamasilla de Alba;De 5 a 9 años;1 de enero de 2020;312
Total;13 Ciudad Real;13019 Argamasilla de Alba;De 10 a 14 años;1 de enero de 2020;337
Total;13 Ciudad Real;13019 Argamasilla de Alba;De 65 a 69 años;1 de enero de 2020;316
Total;13 Ciudad Real;13019 Argamasilla de Alba;De 70 a 74 años;1 de enero de 2020;301
Total;13 Ciudad Real;13019 Argamasilla de Alba;De 75 a 79 años;1 de enero de 2020;227
Total;13 Ciudad Real;13019 Argamasilla de Alba;De 80 a 84 años;1 de enero de 2020;171
Total;13 Ciudad Real;13019 Argamasilla de Alba;De 85 a 89 años;1 de enero de 2020;160
Total;13 Ciudad Real;13019 Argamasilla de Alba;De 90 a 94 años;1 de enero de 2020;65
Total;13 Ciudad Real;13019 Argamasilla de Alba;De 95 a 99 años;1 de enero de 2020;17
Total;13 Ciudad Real;13019 Argamasilla de Alba;100 y más años;1 de enero de 2020;4
Total;13 Ciudad Real;13020 Argamasilla de Calatrava;Todas las edades;1 de enero de 2020;5.841
Total;13 Ciudad Real;13020 Argamasilla de Calatrava;De 0 a 4 años;1 de enero de 2020;225
Total;13 Ciudad Real;13020 Argamasilla de Calatrava;De 5 a 9 años;1 de enero de 2020;310
Total;13 Ciudad Real;13020 Argamasilla de Calatrava;De 10 a 14 años;1 de enero de 2020;344
Total;13 Ciudad Real;13020 Argamasilla de Calatrava;De 65 a 69 años;1 de enero de 2020;312
Total;13 Ciudad Real;13020 Argamasilla de Calatrava;De 70 a 74 años;1 de enero de 2020;282
Total;13 Ciudad Real;13020 Argamasilla de Calatrava;De 75 a 79 años;1 de enero de 2020;212
Total;13 Ciudad Real;13020 Argamasilla de Calatrava;De 80 a 84 años;1 de enero de 2020;239
Total;13 Ciudad Real;13020 Argamasilla de Calatrava;De 85 a 89 años;1 de enero de 2020;139
Total;13 Ciudad Real;13020 Argamasilla de Calatrava;De 90 a 94 años;1 de enero de 2020;63
Total;13 Ciudad Real;13020 Argamasilla de Calatrava;De 95 a 99 años;1 de enero de 2020;18
Total;13 Ciudad Real;13020 Argamasilla de Calatrava;100 y más años;1 de enero de 2020;0
Total;13 Ciudad Real;13021 Arroba de los Montes;Todas las edades;1 de enero de 2020;421
Total;13 Ciudad Real;13021 Arroba de los Montes;De 0 a 4 años;1 de enero de 2020;6
Total;13 Ciudad Real;13021 Arroba de los Montes;De 5 a 9 años;1 de enero de 2020;8
Total;13 Ciudad Real;13021 Arroba de los Montes;De 10 a 14 años;1 de enero de 2020;4
Total;13 Ciudad Real;13021 Arroba de los Montes;De 65 a 69 años;1 de enero de 2020;35
Total;13 Ciudad Real;13021 Arroba de los Montes;De 70 a 74 años;1 de enero de 2020;37
Total;13 Ciudad Real;13021 Arroba de los Montes;De 75 a 79 años;1 de enero de 2020;31
Total;13 Ciudad Real;13021 Arroba de los Montes;De 80 a 84 años;1 de enero de 2020;24
Total;13 Ciudad Real;13021 Arroba de los Montes;De 85 a 89 años;1 de enero de 2020;29
Total;13 Ciudad Real;13021 Arroba de los Montes;De 90 a 94 años;1 de enero de 2020;10
Total;13 Ciudad Real;13021 Arroba de los Montes;De 95 a 99 años;1 de enero de 2020;2
Total;13 Ciudad Real;13021 Arroba de los Montes;100 y más años;1 de enero de 2020;0
Total;13 Ciudad Real;13022 Ballesteros de Calatrava;Todas las edades;1 de enero de 2020;376
Total;13 Ciudad Real;13022 Ballesteros de Calatrava;De 0 a 4 años;1 de enero de 2020;7
Total;13 Ciudad Real;13022 Ballesteros de Calatrava;De 5 a 9 años;1 de enero de 2020;9
Total;13 Ciudad Real;13022 Ballesteros de Calatrava;De 10 a 14 años;1 de enero de 2020;7
Total;13 Ciudad Real;13022 Ballesteros de Calatrava;De 65 a 69 años;1 de enero de 2020;28
Total;13 Ciudad Real;13022 Ballesteros de Calatrava;De 70 a 74 años;1 de enero de 2020;21
Total;13 Ciudad Real;13022 Ballesteros de Calatrava;De 75 a 79 años;1 de enero de 2020;28
Total;13 Ciudad Real;13022 Ballesteros de Calatrava;De 80 a 84 años;1 de enero de 2020;25
Total;13 Ciudad Real;13022 Ballesteros de Calatrava;De 85 a 89 años;1 de enero de 2020;15
Total;13 Ciudad Real;13022 Ballesteros de Calatrava;De 90 a 94 años;1 de enero de 2020;6
Total;13 Ciudad Real;13022 Ballesteros de Calatrava;De 95 a 99 años;1 de enero de 2020;4
Total;13 Ciudad Real;13022 Ballesteros de Calatrava;100 y más años;1 de enero de 2020;0
Total;13 Ciudad Real;13023 Bolaños de Calatrava;Todas las edades;1 de enero de 2020;12.019
Total;13 Ciudad Real;13023 Bolaños de Calatrava;De 0 a 4 años;1 de enero de 2020;544
Total;13 Ciudad Real;13023 Bolaños de Calatrava;De 5 a 9 años;1 de enero de 2020;599
Total;13 Ciudad Real;13023 Bolaños de Calatrava;De 10 a 14 años;1 de enero de 2020;632
Total;13 Ciudad Real;13023 Bolaños de Calatrava;De 65 a 69 años;1 de enero de 2020;490
Total;13 Ciudad Real;13023 Bolaños de Calatrava;De 70 a 74 años;1 de enero de 2020;473
Total;13 Ciudad Real;13023 Bolaños de Calatrava;De 75 a 79 años;1 de enero de 2020;465
Total;13 Ciudad Real;13023 Bolaños de Calatrava;De 80 a 84 años;1 de enero de 2020;324
Total;13 Ciudad Real;13023 Bolaños de Calatrava;De 85 a 89 años;1 de enero de 2020;246
Total;13 Ciudad Real;13023 Bolaños de Calatrava;De 90 a 94 años;1 de enero de 2020;86
Total;13 Ciudad Real;13023 Bolaños de Calatrava;De 95 a 99 años;1 de enero de 2020;19
Total;13 Ciudad Real;13023 Bolaños de Calatrava;100 y más años;1 de enero de 2020;2
Total;13 Ciudad Real;13024 Brazatortas;Todas las edades;1 de enero de 2020;995
Total;13 Ciudad Real;13024 Brazatortas;De 0 a 4 años;1 de enero de 2020;23
Total;13 Ciudad Real;13024 Brazatortas;De 5 a 9 años;1 de enero de 2020;25
Total;13 Ciudad Real;13024 Brazatortas;De 10 a 14 años;1 de enero de 2020;37
Total;13 Ciudad Real;13024 Brazatortas;De 65 a 69 años;1 de enero de 2020;80
Total;13 Ciudad Real;13024 Brazatortas;De 70 a 74 años;1 de enero de 2020;52
Total;13 Ciudad Real;13024 Brazatortas;De 75 a 79 años;1 de enero de 2020;52
Total;13 Ciudad Real;13024 Brazatortas;De 80 a 84 años;1 de enero de 2020;50
Total;13 Ciudad Real;13024 Brazatortas;De 85 a 89 años;1 de enero de 2020;43
Total;13 Ciudad Real;13024 Brazatortas;De 90 a 94 años;1 de enero de 2020;16
Total;13 Ciudad Real;13024 Brazatortas;De 95 a 99 años;1 de enero de 2020;15
Total;13 Ciudad Real;13024 Brazatortas;100 y más años;1 de enero de 2020;2
Total;13 Ciudad Real;13025 Cabezarados;Todas las edades;1 de enero de 2020;312
Total;13 Ciudad Real;13025 Cabezarados;De 0 a 4 años;1 de enero de 2020;4
Total;13 Ciudad Real;13025 Cabezarados;De 5 a 9 años;1 de enero de 2020;12
Total;13 Ciudad Real;13025 Cabezarados;De 10 a 14 años;1 de enero de 2020;10
Total;13 Ciudad Real;13025 Cabezarados;De 65 a 69 años;1 de enero de 2020;23
Total;13 Ciudad Real;13025 Cabezarados;De 70 a 74 años;1 de enero de 2020;18
Total;13 Ciudad Real;13025 Cabezarados;De 75 a 79 años;1 de enero de 2020;22
Total;13 Ciudad Real;13025 Cabezarados;De 80 a 84 años;1 de enero de 2020;17
Total;13 Ciudad Real;13025 Cabezarados;De 85 a 89 años;1 de enero de 2020;12
Total;13 Ciudad Real;13025 Cabezarados;De 90 a 94 años;1 de enero de 2020;8
Total;13 Ciudad Real;13025 Cabezarados;De 95 a 99 años;1 de enero de 2020;2
Total;13 Ciudad Real;13025 Cabezarados;100 y más años;1 de enero de 2020;0
Total;13 Ciudad Real;13026 Cabezarrubias del Puerto;Todas las edades;1 de enero de 2020;473
Total;13 Ciudad Real;13026 Cabezarrubias del Puerto;De 0 a 4 años;1 de enero de 2020;10
Total;13 Ciudad Real;13026 Cabezarrubias del Puerto;De 5 a 9 años;1 de enero de 2020;10
Total;13 Ciudad Real;13026 Cabezarrubias del Puerto;De 10 a 14 años;1 de enero de 2020;21
Total;13 Ciudad Real;13026 Cabezarrubias del Puerto;De 65 a 69 años;1 de enero de 2020;26
Total;13 Ciudad Real;13026 Cabezarrubias del Puerto;De 70 a 74 años;1 de enero de 2020;20
Total;13 Ciudad Real;13026 Cabezarrubias del Puerto;De 75 a 79 años;1 de enero de 2020;34
Total;13 Ciudad Real;13026 Cabezarrubias del Puerto;De 80 a 84 años;1 de enero de 2020;33
Total;13 Ciudad Real;13026 Cabezarrubias del Puerto;De 85 a 89 años;1 de enero de 2020;41
Total;13 Ciudad Real;13026 Cabezarrubias del Puerto;De 90 a 94 años;1 de enero de 2020;14
Total;13 Ciudad Real;13026 Cabezarrubias del Puerto;De 95 a 99 años;1 de enero de 2020;4
Total;13 Ciudad Real;13026 Cabezarrubias del Puerto;100 y más años;1 de enero de 2020;0
Total;13 Ciudad Real;13027 Calzada de Calatrava;Todas las edades;1 de enero de 2020;3.630
Total;13 Ciudad Real;13027 Calzada de Calatrava;De 0 a 4 años;1 de enero de 2020;71
Total;13 Ciudad Real;13027 Calzada de Calatrava;De 5 a 9 años;1 de enero de 2020;111
Total;13 Ciudad Real;13027 Calzada de Calatrava;De 10 a 14 años;1 de enero de 2020;171
Total;13 Ciudad Real;13027 Calzada de Calatrava;De 65 a 69 años;1 de enero de 2020;193
Total;13 Ciudad Real;13027 Calzada de Calatrava;De 70 a 74 años;1 de enero de 2020;195
Total;13 Ciudad Real;13027 Calzada de Calatrava;De 75 a 79 años;1 de enero de 2020;186
Total;13 Ciudad Real;13027 Calzada de Calatrava;De 80 a 84 años;1 de enero de 2020;168
Total;13 Ciudad Real;13027 Calzada de Calatrava;De 85 a 89 años;1 de enero de 2020;145
Total;13 Ciudad Real;13027 Calzada de Calatrava;De 90 a 94 años;1 de enero de 2020;70
Total;13 Ciudad Real;13027 Calzada de Calatrava;De 95 a 99 años;1 de enero de 2020;14
Total;13 Ciudad Real;13027 Calzada de Calatrava;100 y más años;1 de enero de 2020;0
Total;13 Ciudad Real;13028 Campo de Criptana;Todas las edades;1 de enero de 2020;13.312
Total;13 Ciudad Real;13028 Campo de Criptana;De 0 a 4 años;1 de enero de 2020;541
Total;13 Ciudad Real;13028 Campo de Criptana;De 5 a 9 años;1 de enero de 2020;635
Total;13 Ciudad Real;13028 Campo de Criptana;De 10 a 14 años;1 de enero de 2020;714
Total;13 Ciudad Real;13028 Campo de Criptana;De 65 a 69 años;1 de enero de 2020;629
Total;13 Ciudad Real;13028 Campo de Criptana;De 70 a 74 años;1 de enero de 2020;630
Total;13 Ciudad Real;13028 Campo de Criptana;De 75 a 79 años;1 de enero de 2020;558
Total;13 Ciudad Real;13028 Campo de Criptana;De 80 a 84 años;1 de enero de 2020;422
Total;13 Ciudad Real;13028 Campo de Criptana;De 85 a 89 años;1 de enero de 2020;322
Total;13 Ciudad Real;13028 Campo de Criptana;De 90 a 94 años;1 de enero de 2020;145
Total;13 Ciudad Real;13028 Campo de Criptana;De 95 a 99 años;1 de enero de 2020;29
Total;13 Ciudad Real;13028 Campo de Criptana;100 y más años;1 de enero de 2020;6
Total;13 Ciudad Real;13029 Cañada de Calatrava;Todas las edades;1 de enero de 2020;100
Total;13 Ciudad Real;13029 Cañada de Calatrava;De 0 a 4 años;1 de enero de 2020;1
Total;13 Ciudad Real;13029 Cañada de Calatrava;De 5 a 9 años;1 de enero de 2020;4
Total;13 Ciudad Real;13029 Cañada de Calatrava;De 10 a 14 años;1 de enero de 2020;2
Total;13 Ciudad Real;13029 Cañada de Calatrava;De 65 a 69 años;1 de enero de 2020;7
Total;13 Ciudad Real;13029 Cañada de Calatrava;De 70 a 74 años;1 de enero de 2020;6
Total;13 Ciudad Real;13029 Cañada de Calatrava;De 75 a 79 años;1 de enero de 2020;8
Total;13 Ciudad Real;13029 Cañada de Calatrava;De 80 a 84 años;1 de enero de 2020;1
Total;13 Ciudad Real;13029 Cañada de Calatrava;De 85 a 89 años;1 de enero de 2020;11
Total;13 Ciudad Real;13029 Cañada de Calatrava;De 90 a 94 años;1 de enero de 2020;1
Total;13 Ciudad Real;13029 Cañada de Calatrava;De 95 a 99 años;1 de enero de 2020;0
Total;13 Ciudad Real;13029 Cañada de Calatrava;100 y más años;1 de enero de 2020;0
Total;13 Ciudad Real;13030 Caracuel de Calatrava;Todas las edades;1 de enero de 2020;122
Total;13 Ciudad Real;13030 Caracuel de Calatrava;De 0 a 4 años;1 de enero de 2020;3
Total;13 Ciudad Real;13030 Caracuel de Calatrava;De 5 a 9 años;1 de enero de 2020;5
Total;13 Ciudad Real;13030 Caracuel de Calatrava;De 10 a 14 años;1 de enero de 2020;0
Total;13 Ciudad Real;13030 Caracuel de Calatrava;De 65 a 69 años;1 de enero de 2020;15
Total;13 Ciudad Real;13030 Caracuel de Calatrava;De 70 a 74 años;1 de enero de 2020;9
Total;13 Ciudad Real;13030 Caracuel de Calatrava;De 75 a 79 años;1 de enero de 2020;3
Total;13 Ciudad Real;13030 Caracuel de Calatrava;De 80 a 84 años;1 de enero de 2020;7
Total;13 Ciudad Real;13030 Caracuel de Calatrava;De 85 a 89 años;1 de enero de 2020;7
Total;13 Ciudad Real;13030 Caracuel de Calatrava;De 90 a 94 años;1 de enero de 2020;5
Total;13 Ciudad Real;13030 Caracuel de Calatrava;De 95 a 99 años;1 de enero de 2020;2
Total;13 Ciudad Real;13030 Caracuel de Calatrava;100 y más años;1 de enero de 2020;0
Total;13 Ciudad Real;13031 Carrión de Calatrava;Todas las edades;1 de enero de 2020;3.099
Total;13 Ciudad Real;13031 Carrión de Calatrava;De 0 a 4 años;1 de enero de 2020;146
Total;13 Ciudad Real;13031 Carrión de Calatrava;De 5 a 9 años;1 de enero de 2020;163
Total;13 Ciudad Real;13031 Carrión de Calatrava;De 10 a 14 años;1 de enero de 2020;157
Total;13 Ciudad Real;13031 Carrión de Calatrava;De 65 a 69 años;1 de enero de 2020;118
Total;13 Ciudad Real;13031 Carrión de Calatrava;De 70 a 74 años;1 de enero de 2020;116
Total;13 Ciudad Real;13031 Carrión de Calatrava;De 75 a 79 años;1 de enero de 2020;120
Total;13 Ciudad Real;13031 Carrión de Calatrava;De 80 a 84 años;1 de enero de 2020;95
Total;13 Ciudad Real;13031 Carrión de Calatrava;De 85 a 89 años;1 de enero de 2020;61
Total;13 Ciudad Real;13031 Carrión de Calatrava;De 90 a 94 años;1 de enero de 2020;31
Total;13 Ciudad Real;13031 Carrión de Calatrava;De 95 a 99 años;1 de enero de 2020;4
Total;13 Ciudad Real;13031 Carrión de Calatrava;100 y más años;1 de enero de 2020;1
Total;13 Ciudad Real;13032 Carrizosa;Todas las edades;1 de enero de 2020;1.188
Total;13 Ciudad Real;13032 Carrizosa;De 0 a 4 años;1 de enero de 2020;27
Total;13 Ciudad Real;13032 Carrizosa;De 5 a 9 años;1 de enero de 2020;18
Total;13 Ciudad Real;13032 Carrizosa;De 10 a 14 años;1 de enero de 2020;44
Total;13 Ciudad Real;13032 Carrizosa;De 65 a 69 años;1 de enero de 2020;77
Total;13 Ciudad Real;13032 Carrizosa;De 70 a 74 años;1 de enero de 2020;63
Total;13 Ciudad Real;13032 Carrizosa;De 75 a 79 años;1 de enero de 2020;70
Total;13 Ciudad Real;13032 Carrizosa;De 80 a 84 años;1 de enero de 2020;67
Total;13 Ciudad Real;13032 Carrizosa;De 85 a 89 años;1 de enero de 2020;44
Total;13 Ciudad Real;13032 Carrizosa;De 90 a 94 años;1 de enero de 2020;17
Total;13 Ciudad Real;13032 Carrizosa;De 95 a 99 años;1 de enero de 2020;3
Total;13 Ciudad Real;13032 Carrizosa;100 y más años;1 de enero de 2020;0
Total;13 Ciudad Real;13033 Castellar de Santiago;Todas las edades;1 de enero de 2020;1.862
Total;13 Ciudad Real;13033 Castellar de Santiago;De 0 a 4 años;1 de enero de 2020;46
Total;13 Ciudad Real;13033 Castellar de Santiago;De 5 a 9 años;1 de enero de 2020;65
Total;13 Ciudad Real;13033 Castellar de Santiago;De 10 a 14 años;1 de enero de 2020;81
Total;13 Ciudad Real;13033 Castellar de Santiago;De 65 a 69 años;1 de enero de 2020;84
Total;13 Ciudad Real;13033 Castellar de Santiago;De 70 a 74 años;1 de enero de 2020;110
Total;13 Ciudad Real;13033 Castellar de Santiago;De 75 a 79 años;1 de enero de 2020;93
Total;13 Ciudad Real;13033 Castellar de Santiago;De 80 a 84 años;1 de enero de 2020;81
Total;13 Ciudad Real;13033 Castellar de Santiago;De 85 a 89 años;1 de enero de 2020;70
Total;13 Ciudad Real;13033 Castellar de Santiago;De 90 a 94 años;1 de enero de 2020;40
Total;13 Ciudad Real;13033 Castellar de Santiago;De 95 a 99 años;1 de enero de 2020;10
Total;13 Ciudad Real;13033 Castellar de Santiago;100 y más años;1 de enero de 2020;1
Total;13 Ciudad Real;13038 Chillón;Todas las edades;1 de enero de 2020;1.790
Total;13 Ciudad Real;13038 Chillón;De 0 a 4 años;1 de enero de 2020;57
Total;13 Ciudad Real;13038 Chillón;De 5 a 9 años;1 de enero de 2020;62
Total;13 Ciudad Real;13038 Chillón;De 10 a 14 años;1 de enero de 2020;56
Total;13 Ciudad Real;13038 Chillón;De 65 a 69 años;1 de enero de 2020;100
Total;13 Ciudad Real;13038 Chillón;De 70 a 74 años;1 de enero de 2020;127
Total;13 Ciudad Real;13038 Chillón;De 75 a 79 años;1 de enero de 2020;133
Total;13 Ciudad Real;13038 Chillón;De 80 a 84 años;1 de enero de 2020;79
Total;13 Ciudad Real;13038 Chillón;De 85 a 89 años;1 de enero de 2020;63
Total;13 Ciudad Real;13038 Chillón;De 90 a 94 años;1 de enero de 2020;32
Total;13 Ciudad Real;13038 Chillón;De 95 a 99 años;1 de enero de 2020;7
Total;13 Ciudad Real;13038 Chillón;100 y más años;1 de enero de 2020;0
Total;13 Ciudad Real;13034 Ciudad Real;Todas las edades;1 de enero de 2020;75.504
Total;13 Ciudad Real;13034 Ciudad Real;De 0 a 4 años;1 de enero de 2020;3.236
Total;13 Ciudad Real;13034 Ciudad Real;De 5 a 9 años;1 de enero de 2020;3.809
Total;13 Ciudad Real;13034 Ciudad Real;De 10 a 14 años;1 de enero de 2020;4.138
Total;13 Ciudad Real;13034 Ciudad Real;De 65 a 69 años;1 de enero de 2020;3.777
Total;13 Ciudad Real;13034 Ciudad Real;De 70 a 74 años;1 de enero de 2020;3.103
Total;13 Ciudad Real;13034 Ciudad Real;De 75 a 79 años;1 de enero de 2020;2.446
Total;13 Ciudad Real;13034 Ciudad Real;De 80 a 84 años;1 de enero de 2020;1.829
Total;13 Ciudad Real;13034 Ciudad Real;De 85 a 89 años;1 de enero de 2020;1.473
Total;13 Ciudad Real;13034 Ciudad Real;De 90 a 94 años;1 de enero de 2020;619
Total;13 Ciudad Real;13034 Ciudad Real;De 95 a 99 años;1 de enero de 2020;196
Total;13 Ciudad Real;13034 Ciudad Real;100 y más años;1 de enero de 2020;26
Total;13 Ciudad Real;13035 Corral de Calatrava;Todas las edades;1 de enero de 2020;1.117
Total;13 Ciudad Real;13035 Corral de Calatrava;De 0 a 4 años;1 de enero de 2020;25
Total;13 Ciudad Real;13035 Corral de Calatrava;De 5 a 9 años;1 de enero de 2020;49
Total;13 Ciudad Real;13035 Corral de Calatrava;De 10 a 14 años;1 de enero de 2020;59
Total;13 Ciudad Real;13035 Corral de Calatrava;De 65 a 69 años;1 de enero de 2020;72
Total;13 Ciudad Real;13035 Corral de Calatrava;De 70 a 74 años;1 de enero de 2020;63
Total;13 Ciudad Real;13035 Corral de Calatrava;De 75 a 79 años;1 de enero de 2020;40
Total;13 Ciudad Real;13035 Corral de Calatrava;De 80 a 84 años;1 de enero de 2020;50
Total;13 Ciudad Real;13035 Corral de Calatrava;De 85 a 89 años;1 de enero de 2020;38
Total;13 Ciudad Real;13035 Corral de Calatrava;De 90 a 94 años;1 de enero de 2020;14
Total;13 Ciudad Real;13035 Corral de Calatrava;De 95 a 99 años;1 de enero de 2020;3
Total;13 Ciudad Real;13035 Corral de Calatrava;100 y más años;1 de enero de 2020;0
Total;13 Ciudad Real;13036 Cortijos, Los;Todas las edades;1 de enero de 2020;877
Total;13 Ciudad Real;13036 Cortijos, Los;De 0 a 4 años;1 de enero de 2020;26
Total;13 Ciudad Real;13036 Cortijos, Los;De 5 a 9 años;1 de enero de 2020;29
Total;13 Ciudad Real;13036 Cortijos, Los;De 10 a 14 años;1 de enero de 2020;30
Total;13 Ciudad Real;13036 Cortijos, Los;De 65 a 69 años;1 de enero de 2020;54
Total;13 Ciudad Real;13036 Cortijos, Los;De 70 a 74 años;1 de enero de 2020;59
Total;13 Ciudad Real;13036 Cortijos, Los;De 75 a 79 años;1 de enero de 2020;53
Total;13 Ciudad Real;13036 Cortijos, Los;De 80 a 84 años;1 de enero de 2020;55
Total;13 Ciudad Real;13036 Cortijos, Los;De 85 a 89 años;1 de enero de 2020;43
Total;13 Ciudad Real;13036 Cortijos, Los;De 90 a 94 años;1 de enero de 2020;21
Total;13 Ciudad Real;13036 Cortijos, Los;De 95 a 99 años;1 de enero de 2020;5
Total;13 Ciudad Real;13036 Cortijos, Los;100 y más años;1 de enero de 2020;0
Total;13 Ciudad Real;13037 Cózar;Todas las edades;1 de enero de 2020;952
Total;13 Ciudad Real;13037 Cózar;De 0 a 4 años;1 de enero de 2020;20
Total;13 Ciudad Real;13037 Cózar;De 5 a 9 años;1 de enero de 2020;27
Total;13 Ciudad Real;13037 Cózar;De 10 a 14 años;1 de enero de 2020;35
Total;13 Ciudad Real;13037 Cózar;De 65 a 69 años;1 de enero de 2020;63
Total;13 Ciudad Real;13037 Cózar;De 70 a 74 años;1 de enero de 2020;52
Total;13 Ciudad Real;13037 Cózar;De 75 a 79 años;1 de enero de 2020;50
Total;13 Ciudad Real;13037 Cózar;De 80 a 84 años;1 de enero de 2020;38
Total;13 Ciudad Real;13037 Cózar;De 85 a 89 años;1 de enero de 2020;45
Total;13 Ciudad Real;13037 Cózar;De 90 a 94 años;1 de enero de 2020;30
Total;13 Ciudad Real;13037 Cózar;De 95 a 99 años;1 de enero de 2020;4
Total;13 Ciudad Real;13037 Cózar;100 y más años;1 de enero de 2020;0
Total;13 Ciudad Real;13039 Daimiel;Todas las edades;1 de enero de 2020;17.916
Total;13 Ciudad Real;13039 Daimiel;De 0 a 4 años;1 de enero de 2020;679
Total;13 Ciudad Real;13039 Daimiel;De 5 a 9 años;1 de enero de 2020;880
Total;13 Ciudad Real;13039 Daimiel;De 10 a 14 años;1 de enero de 2020;930
Total;13 Ciudad Real;13039 Daimiel;De 65 a 69 años;1 de enero de 2020;892
Total;13 Ciudad Real;13039 Daimiel;De 70 a 74 años;1 de enero de 2020;739
Total;13 Ciudad Real;13039 Daimiel;De 75 a 79 años;1 de enero de 2020;629
Total;13 Ciudad Real;13039 Daimiel;De 80 a 84 años;1 de enero de 2020;524
Total;13 Ciudad Real;13039 Daimiel;De 85 a 89 años;1 de enero de 2020;470
Total;13 Ciudad Real;13039 Daimiel;De 90 a 94 años;1 de enero de 2020;264
Total;13 Ciudad Real;13039 Daimiel;De 95 a 99 años;1 de enero de 2020;71
Total;13 Ciudad Real;13039 Daimiel;100 y más años;1 de enero de 2020;7
Total;13 Ciudad Real;13040 Fernán Caballero;Todas las edades;1 de enero de 2020;985
Total;13 Ciudad Real;13040 Fernán Caballero;De 0 a 4 años;1 de enero de 2020;26
Total;13 Ciudad Real;13040 Fernán Caballero;De 5 a 9 años;1 de enero de 2020;33
Total;13 Ciudad Real;13040 Fernán Caballero;De 10 a 14 años;1 de enero de 2020;45
Total;13 Ciudad Real;13040 Fernán Caballero;De 65 a 69 años;1 de enero de 2020;57
Total;13 Ciudad Real;13040 Fernán Caballero;De 70 a 74 años;1 de enero de 2020;62
Total;13 Ciudad Real;13040 Fernán Caballero;De 75 a 79 años;1 de enero de 2020;60
Total;13 Ciudad Real;13040 Fernán Caballero;De 80 a 84 años;1 de enero de 2020;55
Total;13 Ciudad Real;13040 Fernán Caballero;De 85 a 89 años;1 de enero de 2020;46
Total;13 Ciudad Real;13040 Fernán Caballero;De 90 a 94 años;1 de enero de 2020;20
Total;13 Ciudad Real;13040 Fernán Caballero;De 95 a 99 años;1 de enero de 2020;2
Total;13 Ciudad Real;13040 Fernán Caballero;100 y más años;1 de enero de 2020;1
Total;13 Ciudad Real;13041 Fontanarejo;Todas las edades;1 de enero de 2020;253
Total;13 Ciudad Real;13041 Fontanarejo;De 0 a 4 años;1 de enero de 2020;1
Total;13 Ciudad Real;13041 Fontanarejo;De 5 a 9 años;1 de enero de 2020;6
Total;13 Ciudad Real;13041 Fontanarejo;De 10 a 14 años;1 de enero de 2020;8
Total;13 Ciudad Real;13041 Fontanarejo;De 65 a 69 años;1 de enero de 2020;24
Total;13 Ciudad Real;13041 Fontanarejo;De 70 a 74 años;1 de enero de 2020;19
Total;13 Ciudad Real;13041 Fontanarejo;De 75 a 79 años;1 de enero de 2020;23
Total;13 Ciudad Real;13041 Fontanarejo;De 80 a 84 años;1 de enero de 2020;12
Total;13 Ciudad Real;13041 Fontanarejo;De 85 a 89 años;1 de enero de 2020;11
Total;13 Ciudad Real;13041 Fontanarejo;De 90 a 94 años;1 de enero de 2020;10
Total;13 Ciudad Real;13041 Fontanarejo;De 95 a 99 años;1 de enero de 2020;1
Total;13 Ciudad Real;13041 Fontanarejo;100 y más años;1 de enero de 2020;1
Total;13 Ciudad Real;13042 Fuencaliente;Todas las edades;1 de enero de 2020;1.024
Total;13 Ciudad Real;13042 Fuencaliente;De 0 a 4 años;1 de enero de 2020;42
Total;13 Ciudad Real;13042 Fuencaliente;De 5 a 9 años;1 de enero de 2020;30
Total;13 Ciudad Real;13042 Fuencaliente;De 10 a 14 años;1 de enero de 2020;40
Total;13 Ciudad Real;13042 Fuencaliente;De 65 a 69 años;1 de enero de 2020;73
Total;13 Ciudad Real;13042 Fuencaliente;De 70 a 74 años;1 de enero de 2020;58
Total;13 Ciudad Real;13042 Fuencaliente;De 75 a 79 años;1 de enero de 2020;45
Total;13 Ciudad Real;13042 Fuencaliente;De 80 a 84 años;1 de enero de 2020;37
Total;13 Ciudad Real;13042 Fuencaliente;De 85 a 89 años;1 de enero de 2020;42
Total;13 Ciudad Real;13042 Fuencaliente;De 90 a 94 años;1 de enero de 2020;28
Total;13 Ciudad Real;13042 Fuencaliente;De 95 a 99 años;1 de enero de 2020;2
Total;13 Ciudad Real;13042 Fuencaliente;100 y más años;1 de enero de 2020;0
Total;13 Ciudad Real;13043 Fuenllana;Todas las edades;1 de enero de 2020;211
Total;13 Ciudad Real;13043 Fuenllana;De 0 a 4 años;1 de enero de 2020;0
Total;13 Ciudad Real;13043 Fuenllana;De 5 a 9 años;1 de enero de 2020;2
Total;13 Ciudad Real;13043 Fuenllana;De 10 a 14 años;1 de enero de 2020;1
Total;13 Ciudad Real;13043 Fuenllana;De 65 a 69 años;1 de enero de 2020;21
Total;13 Ciudad Real;13043 Fuenllana;De 70 a 74 años;1 de enero de 2020;28
Total;13 Ciudad Real;13043 Fuenllana;De 75 a 79 años;1 de enero de 2020;20
Total;13 Ciudad Real;13043 Fuenllana;De 80 a 84 años;1 de enero de 2020;12
Total;13 Ciudad Real;13043 Fuenllana;De 85 a 89 años;1 de enero de 2020;14
Total;13 Ciudad Real;13043 Fuenllana;De 90 a 94 años;1 de enero de 2020;4
Total;13 Ciudad Real;13043 Fuenllana;De 95 a 99 años;1 de enero de 2020;1
Total;13 Ciudad Real;13043 Fuenllana;100 y más años;1 de enero de 2020;0
Total;13 Ciudad Real;13044 Fuente el Fresno;Todas las edades;1 de enero de 2020;3.208
Total;13 Ciudad Real;13044 Fuente el Fresno;De 0 a 4 años;1 de enero de 2020;139
Total;13 Ciudad Real;13044 Fuente el Fresno;De 5 a 9 años;1 de enero de 2020;115
Total;13 Ciudad Real;13044 Fuente el Fresno;De 10 a 14 años;1 de enero de 2020;146
Total;13 Ciudad Real;13044 Fuente el Fresno;De 65 a 69 años;1 de enero de 2020;168
Total;13 Ciudad Real;13044 Fuente el Fresno;De 70 a 74 años;1 de enero de 2020;147
Total;13 Ciudad Real;13044 Fuente el Fresno;De 75 a 79 años;1 de enero de 2020;143
Total;13 Ciudad Real;13044 Fuente el Fresno;De 80 a 84 años;1 de enero de 2020;124
Total;13 Ciudad Real;13044 Fuente el Fresno;De 85 a 89 años;1 de enero de 2020;123
Total;13 Ciudad Real;13044 Fuente el Fresno;De 90 a 94 años;1 de enero de 2020;61
Total;13 Ciudad Real;13044 Fuente el Fresno;De 95 a 99 años;1 de enero de 2020;10
Total;13 Ciudad Real;13044 Fuente el Fresno;100 y más años;1 de enero de 2020;0
Total;13 Ciudad Real;13045 Granátula de Calatrava;Todas las edades;1 de enero de 2020;717
Total;13 Ciudad Real;13045 Granátula de Calatrava;De 0 a 4 años;1 de enero de 2020;16
Total;13 Ciudad Real;13045 Granátula de Calatrava;De 5 a 9 años;1 de enero de 2020;18
Total;13 Ciudad Real;13045 Granátula de Calatrava;De 10 a 14 años;1 de enero de 2020;24
Total;13 Ciudad Real;13045 Granátula de Calatrava;De 65 a 69 años;1 de enero de 2020;36
Total;13 Ciudad Real;13045 Granátula de Calatrava;De 70 a 74 años;1 de enero de 2020;40
Total;13 Ciudad Real;13045 Granátula de Calatrava;De 75 a 79 años;1 de enero de 2020;52
Total;13 Ciudad Real;13045 Granátula de Calatrava;De 80 a 84 años;1 de enero de 2020;45
Total;13 Ciudad Real;13045 Granátula de Calatrava;De 85 a 89 años;1 de enero de 2020;37
Total;13 Ciudad Real;13045 Granátula de Calatrava;De 90 a 94 años;1 de enero de 2020;9
Total;13 Ciudad Real;13045 Granátula de Calatrava;De 95 a 99 años;1 de enero de 2020;1
Total;13 Ciudad Real;13045 Granátula de Calatrava;100 y más años;1 de enero de 2020;0
Total;13 Ciudad Real;13046 Guadalmez;Todas las edades;1 de enero de 2020;697
Total;13 Ciudad Real;13046 Guadalmez;De 0 a 4 años;1 de enero de 2020;11
Total;13 Ciudad Real;13046 Guadalmez;De 5 a 9 años;1 de enero de 2020;6
Total;13 Ciudad Real;13046 Guadalmez;De 10 a 14 años;1 de enero de 2020;25
Total;13 Ciudad Real;13046 Guadalmez;De 65 a 69 años;1 de enero de 2020;38
Total;13 Ciudad Real;13046 Guadalmez;De 70 a 74 años;1 de enero de 2020;50
Total;13 Ciudad Real;13046 Guadalmez;De 75 a 79 años;1 de enero de 2020;58
Total;13 Ciudad Real;13046 Guadalmez;De 80 a 84 años;1 de enero de 2020;40
Total;13 Ciudad Real;13046 Guadalmez;De 85 a 89 años;1 de enero de 2020;34
Total;13 Ciudad Real;13046 Guadalmez;De 90 a 94 años;1 de enero de 2020;15
Total;13 Ciudad Real;13046 Guadalmez;De 95 a 99 años;1 de enero de 2020;5
Total;13 Ciudad Real;13046 Guadalmez;100 y más años;1 de enero de 2020;0
Total;13 Ciudad Real;13047 Herencia;Todas las edades;1 de enero de 2020;8.456
Total;13 Ciudad Real;13047 Herencia;De 0 a 4 años;1 de enero de 2020;390
Total;13 Ciudad Real;13047 Herencia;De 5 a 9 años;1 de enero de 2020;437
Total;13 Ciudad Real;13047 Herencia;De 10 a 14 años;1 de enero de 2020;500
Total;13 Ciudad Real;13047 Herencia;De 65 a 69 años;1 de enero de 2020;313
Total;13 Ciudad Real;13047 Herencia;De 70 a 74 años;1 de enero de 2020;303
Total;13 Ciudad Real;13047 Herencia;De 75 a 79 años;1 de enero de 2020;285
Total;13 Ciudad Real;13047 Herencia;De 80 a 84 años;1 de enero de 2020;233
Total;13 Ciudad Real;13047 Herencia;De 85 a 89 años;1 de enero de 2020;192
Total;13 Ciudad Real;13047 Herencia;De 90 a 94 años;1 de enero de 2020;86
Total;13 Ciudad Real;13047 Herencia;De 95 a 99 años;1 de enero de 2020;23
Total;13 Ciudad Real;13047 Herencia;100 y más años;1 de enero de 2020;6
Total;13 Ciudad Real;13048 Hinojosas de Calatrava;Todas las edades;1 de enero de 2020;522
Total;13 Ciudad Real;13048 Hinojosas de Calatrava;De 0 a 4 años;1 de enero de 2020;10
Total;13 Ciudad Real;13048 Hinojosas de Calatrava;De 5 a 9 años;1 de enero de 2020;16
Total;13 Ciudad Real;13048 Hinojosas de Calatrava;De 10 a 14 años;1 de enero de 2020;8
Total;13 Ciudad Real;13048 Hinojosas de Calatrava;De 65 a 69 años;1 de enero de 2020;38
Total;13 Ciudad Real;13048 Hinojosas de Calatrava;De 70 a 74 años;1 de enero de 2020;64
Total;13 Ciudad Real;13048 Hinojosas de Calatrava;De 75 a 79 años;1 de enero de 2020;39
Total;13 Ciudad Real;13048 Hinojosas de Calatrava;De 80 a 84 años;1 de enero de 2020;38
Total;13 Ciudad Real;13048 Hinojosas de Calatrava;De 85 a 89 años;1 de enero de 2020;25
Total;13 Ciudad Real;13048 Hinojosas de Calatrava;De 90 a 94 años;1 de enero de 2020;17
Total;13 Ciudad Real;13048 Hinojosas de Calatrava;De 95 a 99 años;1 de enero de 2020;3
Total;13 Ciudad Real;13048 Hinojosas de Calatrava;100 y más años;1 de enero de 2020;0
Total;13 Ciudad Real;13049 Horcajo de los Montes;Todas las edades;1 de enero de 2020;833
Total;13 Ciudad Real;13049 Horcajo de los Montes;De 0 a 4 años;1 de enero de 2020;19
Total;13 Ciudad Real;13049 Horcajo de los Montes;De 5 a 9 años;1 de enero de 2020;23
Total;13 Ciudad Real;13049 Horcajo de los Montes;De 10 a 14 años;1 de enero de 2020;42
Total;13 Ciudad Real;13049 Horcajo de los Montes;De 65 a 69 años;1 de enero de 2020;51
Total;13 Ciudad Real;13049 Horcajo de los Montes;De 70 a 74 años;1 de enero de 2020;56
Total;13 Ciudad Real;13049 Horcajo de los Montes;De 75 a 79 años;1 de enero de 2020;47
Total;13 Ciudad Real;13049 Horcajo de los Montes;De 80 a 84 años;1 de enero de 2020;31
Total;13 Ciudad Real;13049 Horcajo de los Montes;De 85 a 89 años;1 de enero de 2020;34
Total;13 Ciudad Real;13049 Horcajo de los Montes;De 90 a 94 años;1 de enero de 2020;19
Total;13 Ciudad Real;13049 Horcajo de los Montes;De 95 a 99 años;1 de enero de 2020;3
Total;13 Ciudad Real;13049 Horcajo de los Montes;100 y más años;1 de enero de 2020;2
Total;13 Ciudad Real;13050 Labores, Las;Todas las edades;1 de enero de 2020;558
Total;13 Ciudad Real;13050 Labores, Las;De 0 a 4 años;1 de enero de 2020;12
Total;13 Ciudad Real;13050 Labores, Las;De 5 a 9 años;1 de enero de 2020;14
Total;13 Ciudad Real;13050 Labores, Las;De 10 a 14 años;1 de enero de 2020;13
Total;13 Ciudad Real;13050 Labores, Las;De 65 a 69 años;1 de enero de 2020;48
Total;13 Ciudad Real;13050 Labores, Las;De 70 a 74 años;1 de enero de 2020;34
Total;13 Ciudad Real;13050 Labores, Las;De 75 a 79 años;1 de enero de 2020;33
Total;13 Ciudad Real;13050 Labores, Las;De 80 a 84 años;1 de enero de 2020;20
Total;13 Ciudad Real;13050 Labores, Las;De 85 a 89 años;1 de enero de 2020;21
Total;13 Ciudad Real;13050 Labores, Las;De 90 a 94 años;1 de enero de 2020;11
Total;13 Ciudad Real;13050 Labores, Las;De 95 a 99 años;1 de enero de 2020;4
Total;13 Ciudad Real;13050 Labores, Las;100 y más años;1 de enero de 2020;0
Total;13 Ciudad Real;13904 Llanos del Caudillo;Todas las edades;1 de enero de 2020;683
Total;13 Ciudad Real;13904 Llanos del Caudillo;De 0 a 4 años;1 de enero de 2020;22
Total;13 Ciudad Real;13904 Llanos del Caudillo;De 5 a 9 años;1 de enero de 2020;30
Total;13 Ciudad Real;13904 Llanos del Caudillo;De 10 a 14 años;1 de enero de 2020;35
Total;13 Ciudad Real;13904 Llanos del Caudillo;De 65 a 69 años;1 de enero de 2020;43
Total;13 Ciudad Real;13904 Llanos del Caudillo;De 70 a 74 años;1 de enero de 2020;43
Total;13 Ciudad Real;13904 Llanos del Caudillo;De 75 a 79 años;1 de enero de 2020;28
Total;13 Ciudad Real;13904 Llanos del Caudillo;De 80 a 84 años;1 de enero de 2020;16
Total;13 Ciudad Real;13904 Llanos del Caudillo;De 85 a 89 años;1 de enero de 2020;15
Total;13 Ciudad Real;13904 Llanos del Caudillo;De 90 a 94 años;1 de enero de 2020;3
Total;13 Ciudad Real;13904 Llanos del Caudillo;De 95 a 99 años;1 de enero de 2020;3
Total;13 Ciudad Real;13904 Llanos del Caudillo;100 y más años;1 de enero de 2020;0
Total;13 Ciudad Real;13051 Luciana;Todas las edades;1 de enero de 2020;364
Total;13 Ciudad Real;13051 Luciana;De 0 a 4 años;1 de enero de 2020;4
Total;13 Ciudad Real;13051 Luciana;De 5 a 9 años;1 de enero de 2020;6
Total;13 Ciudad Real;13051 Luciana;De 10 a 14 años;1 de enero de 2020;4
Total;13 Ciudad Real;13051 Luciana;De 65 a 69 años;1 de enero de 2020;29
Total;13 Ciudad Real;13051 Luciana;De 70 a 74 años;1 de enero de 2020;31
Total;13 Ciudad Real;13051 Luciana;De 75 a 79 años;1 de enero de 2020;19
Total;13 Ciudad Real;13051 Luciana;De 80 a 84 años;1 de enero de 2020;23
Total;13 Ciudad Real;13051 Luciana;De 85 a 89 años;1 de enero de 2020;21
Total;13 Ciudad Real;13051 Luciana;De 90 a 94 años;1 de enero de 2020;8
Total;13 Ciudad Real;13051 Luciana;De 95 a 99 años;1 de enero de 2020;0
Total;13 Ciudad Real;13051 Luciana;100 y más años;1 de enero de 2020;1
Total;13 Ciudad Real;13052 Malagón;Todas las edades;1 de enero de 2020;7.881
Total;13 Ciudad Real;13052 Malagón;De 0 a 4 años;1 de enero de 2020;342
Total;13 Ciudad Real;13052 Malagón;De 5 a 9 años;1 de enero de 2020;388
Total;13 Ciudad Real;13052 Malagón;De 10 a 14 años;1 de enero de 2020;392
Total;13 Ciudad Real;13052 Malagón;De 65 a 69 años;1 de enero de 2020;420
Total;13 Ciudad Real;13052 Malagón;De 70 a 74 años;1 de enero de 2020;359
Total;13 Ciudad Real;13052 Malagón;De 75 a 79 años;1 de enero de 2020;289
Total;13 Ciudad Real;13052 Malagón;De 80 a 84 años;1 de enero de 2020;261
Total;13 Ciudad Real;13052 Malagón;De 85 a 89 años;1 de enero de 2020;241
Total;13 Ciudad Real;13052 Malagón;De 90 a 94 años;1 de enero de 2020;115
Total;13 Ciudad Real;13052 Malagón;De 95 a 99 años;1 de enero de 2020;28
Total;13 Ciudad Real;13052 Malagón;100 y más años;1 de enero de 2020;5
Total;13 Ciudad Real;13053 Manzanares;Todas las edades;1 de enero de 2020;17.962
Total;13 Ciudad Real;13053 Manzanares;De 0 a 4 años;1 de enero de 2020;735
Total;13 Ciudad Real;13053 Manzanares;De 5 a 9 años;1 de enero de 2020;878
Total;13 Ciudad Real;13053 Manzanares;De 10 a 14 años;1 de enero de 2020;970
Total;13 Ciudad Real;13053 Manzanares;De 65 a 69 años;1 de enero de 2020;997
Total;13 Ciudad Real;13053 Manzanares;De 70 a 74 años;1 de enero de 2020;812
Total;13 Ciudad Real;13053 Manzanares;De 75 a 79 años;1 de enero de 2020;731
Total;13 Ciudad Real;13053 Manzanares;De 80 a 84 años;1 de enero de 2020;434
Total;13 Ciudad Real;13053 Manzanares;De 85 a 89 años;1 de enero de 2020;372
Total;13 Ciudad Real;13053 Manzanares;De 90 a 94 años;1 de enero de 2020;175
Total;13 Ciudad Real;13053 Manzanares;De 95 a 99 años;1 de enero de 2020;42
Total;13 Ciudad Real;13053 Manzanares;100 y más años;1 de enero de 2020;3
Total;13 Ciudad Real;13054 Membrilla;Todas las edades;1 de enero de 2020;5.942
Total;13 Ciudad Real;13054 Membrilla;De 0 a 4 años;1 de enero de 2020;255
Total;13 Ciudad Real;13054 Membrilla;De 5 a 9 años;1 de enero de 2020;274
Total;13 Ciudad Real;13054 Membrilla;De 10 a 14 años;1 de enero de 2020;264
Total;13 Ciudad Real;13054 Membrilla;De 65 a 69 años;1 de enero de 2020;351
Total;13 Ciudad Real;13054 Membrilla;De 70 a 74 años;1 de enero de 2020;312
Total;13 Ciudad Real;13054 Membrilla;De 75 a 79 años;1 de enero de 2020;227
Total;13 Ciudad Real;13054 Membrilla;De 80 a 84 años;1 de enero de 2020;159
Total;13 Ciudad Real;13054 Membrilla;De 85 a 89 años;1 de enero de 2020;133
Total;13 Ciudad Real;13054 Membrilla;De 90 a 94 años;1 de enero de 2020;56
Total;13 Ciudad Real;13054 Membrilla;De 95 a 99 años;1 de enero de 2020;15
Total;13 Ciudad Real;13054 Membrilla;100 y más años;1 de enero de 2020;0
Total;13 Ciudad Real;13055 Mestanza;Todas las edades;1 de enero de 2020;669
Total;13 Ciudad Real;13055 Mestanza;De 0 a 4 años;1 de enero de 2020;9
Total;13 Ciudad Real;13055 Mestanza;De 5 a 9 años;1 de enero de 2020;12
Total;13 Ciudad Real;13055 Mestanza;De 10 a 14 años;1 de enero de 2020;16
Total;13 Ciudad Real;13055 Mestanza;De 65 a 69 años;1 de enero de 2020;47
Total;13 Ciudad Real;13055 Mestanza;De 70 a 74 años;1 de enero de 2020;49
Total;13 Ciudad Real;13055 Mestanza;De 75 a 79 años;1 de enero de 2020;55
Total;13 Ciudad Real;13055 Mestanza;De 80 a 84 años;1 de enero de 2020;62
Total;13 Ciudad Real;13055 Mestanza;De 85 a 89 años;1 de enero de 2020;34
Total;13 Ciudad Real;13055 Mestanza;De 90 a 94 años;1 de enero de 2020;11
Total;13 Ciudad Real;13055 Mestanza;De 95 a 99 años;1 de enero de 2020;2
Total;13 Ciudad Real;13055 Mestanza;100 y más años;1 de enero de 2020;1
Total;13 Ciudad Real;13056 Miguelturra;Todas las edades;1 de enero de 2020;15.498
Total;13 Ciudad Real;13056 Miguelturra;De 0 a 4 años;1 de enero de 2020;749
Total;13 Ciudad Real;13056 Miguelturra;De 5 a 9 años;1 de enero de 2020;1.028
Total;13 Ciudad Real;13056 Miguelturra;De 10 a 14 años;1 de enero de 2020;1.058
Total;13 Ciudad Real;13056 Miguelturra;De 65 a 69 años;1 de enero de 2020;537
Total;13 Ciudad Real;13056 Miguelturra;De 70 a 74 años;1 de enero de 2020;421
Total;13 Ciudad Real;13056 Miguelturra;De 75 a 79 años;1 de enero de 2020;299
Total;13 Ciudad Real;13056 Miguelturra;De 80 a 84 años;1 de enero de 2020;263
Total;13 Ciudad Real;13056 Miguelturra;De 85 a 89 años;1 de enero de 2020;204
Total;13 Ciudad Real;13056 Miguelturra;De 90 a 94 años;1 de enero de 2020;100
Total;13 Ciudad Real;13056 Miguelturra;De 95 a 99 años;1 de enero de 2020;25
Total;13 Ciudad Real;13056 Miguelturra;100 y más años;1 de enero de 2020;3
Total;13 Ciudad Real;13057 Montiel;Todas las edades;1 de enero de 2020;1.294
Total;13 Ciudad Real;13057 Montiel;De 0 a 4 años;1 de enero de 2020;39
Total;13 Ciudad Real;13057 Montiel;De 5 a 9 años;1 de enero de 2020;45
Total;13 Ciudad Real;13057 Montiel;De 10 a 14 años;1 de enero de 2020;45
Total;13 Ciudad Real;13057 Montiel;De 65 a 69 años;1 de enero de 2020;61
Total;13 Ciudad Real;13057 Montiel;De 70 a 74 años;1 de enero de 2020;67
Total;13 Ciudad Real;13057 Montiel;De 75 a 79 años;1 de enero de 2020;50
Total;13 Ciudad Real;13057 Montiel;De 80 a 84 años;1 de enero de 2020;64
Total;13 Ciudad Real;13057 Montiel;De 85 a 89 años;1 de enero de 2020;43
Total;13 Ciudad Real;13057 Montiel;De 90 a 94 años;1 de enero de 2020;28
Total;13 Ciudad Real;13057 Montiel;De 95 a 99 años;1 de enero de 2020;7
Total;13 Ciudad Real;13057 Montiel;100 y más años;1 de enero de 2020;3
Total;13 Ciudad Real;13058 Moral de Calatrava;Todas las edades;1 de enero de 2020;5.208
Total;13 Ciudad Real;13058 Moral de Calatrava;De 0 a 4 años;1 de enero de 2020;207
Total;13 Ciudad Real;13058 Moral de Calatrava;De 5 a 9 años;1 de enero de 2020;273
Total;13 Ciudad Real;13058 Moral de Calatrava;De 10 a 14 años;1 de enero de 2020;281
Total;13 Ciudad Real;13058 Moral de Calatrava;De 65 a 69 años;1 de enero de 2020;233
Total;13 Ciudad Real;13058 Moral de Calatrava;De 70 a 74 años;1 de enero de 2020;210
Total;13 Ciudad Real;13058 Moral de Calatrava;De 75 a 79 años;1 de enero de 2020;238
Total;13 Ciudad Real;13058 Moral de Calatrava;De 80 a 84 años;1 de enero de 2020;183
Total;13 Ciudad Real;13058 Moral de Calatrava;De 85 a 89 años;1 de enero de 2020;153
Total;13 Ciudad Real;13058 Moral de Calatrava;De 90 a 94 años;1 de enero de 2020;59
Total;13 Ciudad Real;13058 Moral de Calatrava;De 95 a 99 años;1 de enero de 2020;15
Total;13 Ciudad Real;13058 Moral de Calatrava;100 y más años;1 de enero de 2020;1
Total;13 Ciudad Real;13059 Navalpino;Todas las edades;1 de enero de 2020;221
Total;13 Ciudad Real;13059 Navalpino;De 0 a 4 años;1 de enero de 2020;8
Total;13 Ciudad Real;13059 Navalpino;De 5 a 9 años;1 de enero de 2020;6
Total;13 Ciudad Real;13059 Navalpino;De 10 a 14 años;1 de enero de 2020;6
Total;13 Ciudad Real;13059 Navalpino;De 65 a 69 años;1 de enero de 2020;9
Total;13 Ciudad Real;13059 Navalpino;De 70 a 74 años;1 de enero de 2020;18
Total;13 Ciudad Real;13059 Navalpino;De 75 a 79 años;1 de enero de 2020;11
Total;13 Ciudad Real;13059 Navalpino;De 80 a 84 años;1 de enero de 2020;22
Total;13 Ciudad Real;13059 Navalpino;De 85 a 89 años;1 de enero de 2020;16
Total;13 Ciudad Real;13059 Navalpino;De 90 a 94 años;1 de enero de 2020;3
Total;13 Ciudad Real;13059 Navalpino;De 95 a 99 años;1 de enero de 2020;1
Total;13 Ciudad Real;13059 Navalpino;100 y más años;1 de enero de 2020;0
Total;13 Ciudad Real;13060 Navas de Estena;Todas las edades;1 de enero de 2020;293
Total;13 Ciudad Real;13060 Navas de Estena;De 0 a 4 años;1 de enero de 2020;2
Total;13 Ciudad Real;13060 Navas de Estena;De 5 a 9 años;1 de enero de 2020;3
Total;13 Ciudad Real;13060 Navas de Estena;De 10 a 14 años;1 de enero de 2020;7
Total;13 Ciudad Real;13060 Navas de Estena;De 65 a 69 años;1 de enero de 2020;21
Total;13 Ciudad Real;13060 Navas de Estena;De 70 a 74 años;1 de enero de 2020;25
Total;13 Ciudad Real;13060 Navas de Estena;De 75 a 79 años;1 de enero de 2020;22
Total;13 Ciudad Real;13060 Navas de Estena;De 80 a 84 años;1 de enero de 2020;18
Total;13 Ciudad Real;13060 Navas de Estena;De 85 a 89 años;1 de enero de 2020;24
Total;13 Ciudad Real;13060 Navas de Estena;De 90 a 94 años;1 de enero de 2020;11
Total;13 Ciudad Real;13060 Navas de Estena;De 95 a 99 años;1 de enero de 2020;1
Total;13 Ciudad Real;13060 Navas de Estena;100 y más años;1 de enero de 2020;0
Total;13 Ciudad Real;13061 Pedro Muñoz;Todas las edades;1 de enero de 2020;7.285
Total;13 Ciudad Real;13061 Pedro Muñoz;De 0 a 4 años;1 de enero de 2020;323
Total;13 Ciudad Real;13061 Pedro Muñoz;De 5 a 9 años;1 de enero de 2020;331
Total;13 Ciudad Real;13061 Pedro Muñoz;De 10 a 14 años;1 de enero de 2020;390
Total;13 Ciudad Real;13061 Pedro Muñoz;De 65 a 69 años;1 de enero de 2020;355
Total;13 Ciudad Real;13061 Pedro Muñoz;De 70 a 74 años;1 de enero de 2020;308
Total;13 Ciudad Real;13061 Pedro Muñoz;De 75 a 79 años;1 de enero de 2020;312
Total;13 Ciudad Real;13061 Pedro Muñoz;De 80 a 84 años;1 de enero de 2020;231
Total;13 Ciudad Real;13061 Pedro Muñoz;De 85 a 89 años;1 de enero de 2020;215
Total;13 Ciudad Real;13061 Pedro Muñoz;De 90 a 94 años;1 de enero de 2020;69
Total;13 Ciudad Real;13061 Pedro Muñoz;De 95 a 99 años;1 de enero de 2020;17
Total;13 Ciudad Real;13061 Pedro Muñoz;100 y más años;1 de enero de 2020;1
Total;13 Ciudad Real;13062 Picón;Todas las edades;1 de enero de 2020;668
Total;13 Ciudad Real;13062 Picón;De 0 a 4 años;1 de enero de 2020;23
Total;13 Ciudad Real;13062 Picón;De 5 a 9 años;1 de enero de 2020;36
Total;13 Ciudad Real;13062 Picón;De 10 a 14 años;1 de enero de 2020;29
Total;13 Ciudad Real;13062 Picón;De 65 a 69 años;1 de enero de 2020;36
Total;13 Ciudad Real;13062 Picón;De 70 a 74 años;1 de enero de 2020;27
Total;13 Ciudad Real;13062 Picón;De 75 a 79 años;1 de enero de 2020;17
Total;13 Ciudad Real;13062 Picón;De 80 a 84 años;1 de enero de 2020;21
Total;13 Ciudad Real;13062 Picón;De 85 a 89 años;1 de enero de 2020;21
Total;13 Ciudad Real;13062 Picón;De 90 a 94 años;1 de enero de 2020;7
Total;13 Ciudad Real;13062 Picón;De 95 a 99 años;1 de enero de 2020;4
Total;13 Ciudad Real;13062 Picón;100 y más años;1 de enero de 2020;2
Total;13 Ciudad Real;13063 Piedrabuena;Todas las edades;1 de enero de 2020;4.379
Total;13 Ciudad Real;13063 Piedrabuena;De 0 a 4 años;1 de enero de 2020;167
Total;13 Ciudad Real;13063 Piedrabuena;De 5 a 9 años;1 de enero de 2020;180
Total;13 Ciudad Real;13063 Piedrabuena;De 10 a 14 años;1 de enero de 2020;180
Total;13 Ciudad Real;13063 Piedrabuena;De 65 a 69 años;1 de enero de 2020;246
Total;13 Ciudad Real;13063 Piedrabuena;De 70 a 74 años;1 de enero de 2020;166
Total;13 Ciudad Real;13063 Piedrabuena;De 75 a 79 años;1 de enero de 2020;161
Total;13 Ciudad Real;13063 Piedrabuena;De 80 a 84 años;1 de enero de 2020;133
Total;13 Ciudad Real;13063 Piedrabuena;De 85 a 89 años;1 de enero de 2020;155
Total;13 Ciudad Real;13063 Piedrabuena;De 90 a 94 años;1 de enero de 2020;71
Total;13 Ciudad Real;13063 Piedrabuena;De 95 a 99 años;1 de enero de 2020;23
Total;13 Ciudad Real;13063 Piedrabuena;100 y más años;1 de enero de 2020;6
Total;13 Ciudad Real;13064 Poblete;Todas las edades;1 de enero de 2020;2.667
Total;13 Ciudad Real;13064 Poblete;De 0 a 4 años;1 de enero de 2020;179
Total;13 Ciudad Real;13064 Poblete;De 5 a 9 años;1 de enero de 2020;234
Total;13 Ciudad Real;13064 Poblete;De 10 a 14 años;1 de enero de 2020;219
Total;13 Ciudad Real;13064 Poblete;De 65 a 69 años;1 de enero de 2020;78
Total;13 Ciudad Real;13064 Poblete;De 70 a 74 años;1 de enero de 2020;59
Total;13 Ciudad Real;13064 Poblete;De 75 a 79 años;1 de enero de 2020;54
Total;13 Ciudad Real;13064 Poblete;De 80 a 84 años;1 de enero de 2020;31
Total;13 Ciudad Real;13064 Poblete;De 85 a 89 años;1 de enero de 2020;25
Total;13 Ciudad Real;13064 Poblete;De 90 a 94 años;1 de enero de 2020;6
Total;13 Ciudad Real;13064 Poblete;De 95 a 99 años;1 de enero de 2020;2
Total;13 Ciudad Real;13064 Poblete;100 y más años;1 de enero de 2020;0
Total;13 Ciudad Real;13065 Porzuna;Todas las edades;1 de enero de 2020;3.465
Total;13 Ciudad Real;13065 Porzuna;De 0 a 4 años;1 de enero de 2020;141
Total;13 Ciudad Real;13065 Porzuna;De 5 a 9 años;1 de enero de 2020;137
Total;13 Ciudad Real;13065 Porzuna;De 10 a 14 años;1 de enero de 2020;146
Total;13 Ciudad Real;13065 Porzuna;De 65 a 69 años;1 de enero de 2020;183
Total;13 Ciudad Real;13065 Porzuna;De 70 a 74 años;1 de enero de 2020;189
Total;13 Ciudad Real;13065 Porzuna;De 75 a 79 años;1 de enero de 2020;159
Total;13 Ciudad Real;13065 Porzuna;De 80 a 84 años;1 de enero de 2020;166
Total;13 Ciudad Real;13065 Porzuna;De 85 a 89 años;1 de enero de 2020;125
Total;13 Ciudad Real;13065 Porzuna;De 90 a 94 años;1 de enero de 2020;49
Total;13 Ciudad Real;13065 Porzuna;De 95 a 99 años;1 de enero de 2020;8
Total;13 Ciudad Real;13065 Porzuna;100 y más años;1 de enero de 2020;0
Total;13 Ciudad Real;13066 Pozuelo de Calatrava;Todas las edades;1 de enero de 2020;3.586
Total;13 Ciudad Real;13066 Pozuelo de Calatrava;De 0 a 4 años;1 de enero de 2020;205
Total;13 Ciudad Real;13066 Pozuelo de Calatrava;De 5 a 9 años;1 de enero de 2020;244
Total;13 Ciudad Real;13066 Pozuelo de Calatrava;De 10 a 14 años;1 de enero de 2020;195
Total;13 Ciudad Real;13066 Pozuelo de Calatrava;De 65 a 69 años;1 de enero de 2020;148
Total;13 Ciudad Real;13066 Pozuelo de Calatrava;De 70 a 74 años;1 de enero de 2020;116
Total;13 Ciudad Real;13066 Pozuelo de Calatrava;De 75 a 79 años;1 de enero de 2020;100
Total;13 Ciudad Real;13066 Pozuelo de Calatrava;De 80 a 84 años;1 de enero de 2020;71
Total;13 Ciudad Real;13066 Pozuelo de Calatrava;De 85 a 89 años;1 de enero de 2020;65
Total;13 Ciudad Real;13066 Pozuelo de Calatrava;De 90 a 94 años;1 de enero de 2020;15
Total;13 Ciudad Real;13066 Pozuelo de Calatrava;De 95 a 99 años;1 de enero de 2020;4
Total;13 Ciudad Real;13066 Pozuelo de Calatrava;100 y más años;1 de enero de 2020;0
Total;13 Ciudad Real;13067 Pozuelos de Calatrava, Los;Todas las edades;1 de enero de 2020;359
Total;13 Ciudad Real;13067 Pozuelos de Calatrava, Los;De 0 a 4 años;1 de enero de 2020;1
Total;13 Ciudad Real;13067 Pozuelos de Calatrava, Los;De 5 a 9 años;1 de enero de 2020;7
Total;13 Ciudad Real;13067 Pozuelos de Calatrava, Los;De 10 a 14 años;1 de enero de 2020;2
Total;13 Ciudad Real;13067 Pozuelos de Calatrava, Los;De 65 a 69 años;1 de enero de 2020;32
Total;13 Ciudad Real;13067 Pozuelos de Calatrava, Los;De 70 a 74 años;1 de enero de 2020;28
Total;13 Ciudad Real;13067 Pozuelos de Calatrava, Los;De 75 a 79 años;1 de enero de 2020;28
Total;13 Ciudad Real;13067 Pozuelos de Calatrava, Los;De 80 a 84 años;1 de enero de 2020;19
Total;13 Ciudad Real;13067 Pozuelos de Calatrava, Los;De 85 a 89 años;1 de enero de 2020;12
Total;13 Ciudad Real;13067 Pozuelos de Calatrava, Los;De 90 a 94 años;1 de enero de 2020;10
Total;13 Ciudad Real;13067 Pozuelos de Calatrava, Los;De 95 a 99 años;1 de enero de 2020;0
Total;13 Ciudad Real;13067 Pozuelos de Calatrava, Los;100 y más años;1 de enero de 2020;0
Total;13 Ciudad Real;13068 Puebla de Don Rodrigo;Todas las edades;1 de enero de 2020;1.162
Total;13 Ciudad Real;13068 Puebla de Don Rodrigo;De 0 a 4 años;1 de enero de 2020;33
Total;13 Ciudad Real;13068 Puebla de Don Rodrigo;De 5 a 9 años;1 de enero de 2020;51
Total;13 Ciudad Real;13068 Puebla de Don Rodrigo;De 10 a 14 años;1 de enero de 2020;37
Total;13 Ciudad Real;13068 Puebla de Don Rodrigo;De 65 a 69 años;1 de enero de 2020;65
Total;13 Ciudad Real;13068 Puebla de Don Rodrigo;De 70 a 74 años;1 de enero de 2020;65
Total;13 Ciudad Real;13068 Puebla de Don Rodrigo;De 75 a 79 años;1 de enero de 2020;50
Total;13 Ciudad Real;13068 Puebla de Don Rodrigo;De 80 a 84 años;1 de enero de 2020;61
Total;13 Ciudad Real;13068 Puebla de Don Rodrigo;De 85 a 89 años;1 de enero de 2020;39
Total;13 Ciudad Real;13068 Puebla de Don Rodrigo;De 90 a 94 años;1 de enero de 2020;16
Total;13 Ciudad Real;13068 Puebla de Don Rodrigo;De 95 a 99 años;1 de enero de 2020;4
Total;13 Ciudad Real;13068 Puebla de Don Rodrigo;100 y más años;1 de enero de 2020;0
Total;13 Ciudad Real;13069 Puebla del Príncipe;Todas las edades;1 de enero de 2020;686
Total;13 Ciudad Real;13069 Puebla del Príncipe;De 0 a 4 años;1 de enero de 2020;13
Total;13 Ciudad Real;13069 Puebla del Príncipe;De 5 a 9 años;1 de enero de 2020;18
Total;13 Ciudad Real;13069 Puebla del Príncipe;De 10 a 14 años;1 de enero de 2020;17
Total;13 Ciudad Real;13069 Puebla del Príncipe;De 65 a 69 años;1 de enero de 2020;38
Total;13 Ciudad Real;13069 Puebla del Príncipe;De 70 a 74 años;1 de enero de 2020;48
Total;13 Ciudad Real;13069 Puebla del Príncipe;De 75 a 79 años;1 de enero de 2020;53
Total;13 Ciudad Real;13069 Puebla del Príncipe;De 80 a 84 años;1 de enero de 2020;41
Total;13 Ciudad Real;13069 Puebla del Príncipe;De 85 a 89 años;1 de enero de 2020;41
Total;13 Ciudad Real;13069 Puebla del Príncipe;De 90 a 94 años;1 de enero de 2020;15
Total;13 Ciudad Real;13069 Puebla del Príncipe;De 95 a 99 años;1 de enero de 2020;4
Total;13 Ciudad Real;13069 Puebla del Príncipe;100 y más años;1 de enero de 2020;0
Total;13 Ciudad Real;13070 Puerto Lápice;Todas las edades;1 de enero de 2020;891
Total;13 Ciudad Real;13070 Puerto Lápice;De 0 a 4 años;1 de enero de 2020;30
Total;13 Ciudad Real;13070 Puerto Lápice;De 5 a 9 años;1 de enero de 2020;34
Total;13 Ciudad Real;13070 Puerto Lápice;De 10 a 14 años;1 de enero de 2020;40
Total;13 Ciudad Real;13070 Puerto Lápice;De 65 a 69 años;1 de enero de 2020;58
Total;13 Ciudad Real;13070 Puerto Lápice;De 70 a 74 años;1 de enero de 2020;48
Total;13 Ciudad Real;13070 Puerto Lápice;De 75 a 79 años;1 de enero de 2020;53
Total;13 Ciudad Real;13070 Puerto Lápice;De 80 a 84 años;1 de enero de 2020;36
Total;13 Ciudad Real;13070 Puerto Lápice;De 85 a 89 años;1 de enero de 2020;23
Total;13 Ciudad Real;13070 Puerto Lápice;De 90 a 94 años;1 de enero de 2020;17
Total;13 Ciudad Real;13070 Puerto Lápice;De 95 a 99 años;1 de enero de 2020;1
Total;13 Ciudad Real;13070 Puerto Lápice;100 y más años;1 de enero de 2020;1
Total;13 Ciudad Real;13071 Puertollano;Todas las edades;1 de enero de 2020;46.607
Total;13 Ciudad Real;13071 Puertollano;De 0 a 4 años;1 de enero de 2020;1.856
Total;13 Ciudad Real;13071 Puertollano;De 5 a 9 años;1 de enero de 2020;2.236
Total;13 Ciudad Real;13071 Puertollano;De 10 a 14 años;1 de enero de 2020;2.396
Total;13 Ciudad Real;13071 Puertollano;De 65 a 69 años;1 de enero de 2020;2.672
Total;13 Ciudad Real;13071 Puertollano;De 70 a 74 años;1 de enero de 2020;2.517
Total;13 Ciudad Real;13071 Puertollano;De 75 a 79 años;1 de enero de 2020;1.885
Total;13 Ciudad Real;13071 Puertollano;De 80 a 84 años;1 de enero de 2020;1.388
Total;13 Ciudad Real;13071 Puertollano;De 85 a 89 años;1 de enero de 2020;1.118
Total;13 Ciudad Real;13071 Puertollano;De 90 a 94 años;1 de enero de 2020;484
Total;13 Ciudad Real;13071 Puertollano;De 95 a 99 años;1 de enero de 2020;108
Total;13 Ciudad Real;13071 Puertollano;100 y más años;1 de enero de 2020;18
Total;13 Ciudad Real;13072 Retuerta del Bullaque;Todas las edades;1 de enero de 2020;927
Total;13 Ciudad Real;13072 Retuerta del Bullaque;De 0 a 4 años;1 de enero de 2020;30
Total;13 Ciudad Real;13072 Retuerta del Bullaque;De 5 a 9 años;1 de enero de 2020;29
Total;13 Ciudad Real;13072 Retuerta del Bullaque;De 10 a 14 años;1 de enero de 2020;42
Total;13 Ciudad Real;13072 Retuerta del Bullaque;De 65 a 69 años;1 de enero de 2020;53
Total;13 Ciudad Real;13072 Retuerta del Bullaque;De 70 a 74 años;1 de enero de 2020;44
Total;13 Ciudad Real;13072 Retuerta del Bullaque;De 75 a 79 años;1 de enero de 2020;49
Total;13 Ciudad Real;13072 Retuerta del Bullaque;De 80 a 84 años;1 de enero de 2020;31
Total;13 Ciudad Real;13072 Retuerta del Bullaque;De 85 a 89 años;1 de enero de 2020;52
Total;13 Ciudad Real;13072 Retuerta del Bullaque;De 90 a 94 años;1 de enero de 2020;22
Total;13 Ciudad Real;13072 Retuerta del Bullaque;De 95 a 99 años;1 de enero de 2020;7
Total;13 Ciudad Real;13072 Retuerta del Bullaque;100 y más años;1 de enero de 2020;1
Total;13 Ciudad Real;13901 Robledo, El;Todas las edades;1 de enero de 2020;1.053
Total;13 Ciudad Real;13901 Robledo, El;De 0 a 4 años;1 de enero de 2020;30
Total;13 Ciudad Real;13901 Robledo, El;De 5 a 9 años;1 de enero de 2020;37
Total;13 Ciudad Real;13901 Robledo, El;De 10 a 14 años;1 de enero de 2020;40
Total;13 Ciudad Real;13901 Robledo, El;De 65 a 69 años;1 de enero de 2020;64
Total;13 Ciudad Real;13901 Robledo, El;De 70 a 74 años;1 de enero de 2020;59
Total;13 Ciudad Real;13901 Robledo, El;De 75 a 79 años;1 de enero de 2020;47
Total;13 Ciudad Real;13901 Robledo, El;De 80 a 84 años;1 de enero de 2020;37
Total;13 Ciudad Real;13901 Robledo, El;De 85 a 89 años;1 de enero de 2020;55
Total;13 Ciudad Real;13901 Robledo, El;De 90 a 94 años;1 de enero de 2020;13
Total;13 Ciudad Real;13901 Robledo, El;De 95 a 99 años;1 de enero de 2020;4
Total;13 Ciudad Real;13901 Robledo, El;100 y más años;1 de enero de 2020;1
Total;13 Ciudad Real;13902 Ruidera;Todas las edades;1 de enero de 2020;549
Total;13 Ciudad Real;13902 Ruidera;De 0 a 4 años;1 de enero de 2020;16
Total;13 Ciudad Real;13902 Ruidera;De 5 a 9 años;1 de enero de 2020;21
Total;13 Ciudad Real;13902 Ruidera;De 10 a 14 años;1 de enero de 2020;23
Total;13 Ciudad Real;13902 Ruidera;De 65 a 69 años;1 de enero de 2020;27
Total;13 Ciudad Real;13902 Ruidera;De 70 a 74 años;1 de enero de 2020;26
Total;13 Ciudad Real;13902 Ruidera;De 75 a 79 años;1 de enero de 2020;19
Total;13 Ciudad Real;13902 Ruidera;De 80 a 84 años;1 de enero de 2020;15
Total;13 Ciudad Real;13902 Ruidera;De 85 a 89 años;1 de enero de 2020;19
Total;13 Ciudad Real;13902 Ruidera;De 90 a 94 años;1 de enero de 2020;6
Total;13 Ciudad Real;13902 Ruidera;De 95 a 99 años;1 de enero de 2020;1
Total;13 Ciudad Real;13902 Ruidera;100 y más años;1 de enero de 2020;0
Total;13 Ciudad Real;13073 Saceruela;Todas las edades;1 de enero de 2020;564
Total;13 Ciudad Real;13073 Saceruela;De 0 a 4 años;1 de enero de 2020;17
Total;13 Ciudad Real;13073 Saceruela;De 5 a 9 años;1 de enero de 2020;17
Total;13 Ciudad Real;13073 Saceruela;De 10 a 14 años;1 de enero de 2020;13
Total;13 Ciudad Real;13073 Saceruela;De 65 a 69 años;1 de enero de 2020;46
Total;13 Ciudad Real;13073 Saceruela;De 70 a 74 años;1 de enero de 2020;45
Total;13 Ciudad Real;13073 Saceruela;De 75 a 79 años;1 de enero de 2020;32
Total;13 Ciudad Real;13073 Saceruela;De 80 a 84 años;1 de enero de 2020;30
Total;13 Ciudad Real;13073 Saceruela;De 85 a 89 años;1 de enero de 2020;19
Total;13 Ciudad Real;13073 Saceruela;De 90 a 94 años;1 de enero de 2020;10
Total;13 Ciudad Real;13073 Saceruela;De 95 a 99 años;1 de enero de 2020;3
Total;13 Ciudad Real;13073 Saceruela;100 y más años;1 de enero de 2020;0
Total;13 Ciudad Real;13074 San Carlos del Valle;Todas las edades;1 de enero de 2020;1.109
Total;13 Ciudad Real;13074 San Carlos del Valle;De 0 a 4 años;1 de enero de 2020;40
Total;13 Ciudad Real;13074 San Carlos del Valle;De 5 a 9 años;1 de enero de 2020;50
Total;13 Ciudad Real;13074 San Carlos del Valle;De 10 a 14 años;1 de enero de 2020;50
Total;13 Ciudad Real;13074 San Carlos del Valle;De 65 a 69 años;1 de enero de 2020;59
Total;13 Ciudad Real;13074 San Carlos del Valle;De 70 a 74 años;1 de enero de 2020;71
Total;13 Ciudad Real;13074 San Carlos del Valle;De 75 a 79 años;1 de enero de 2020;64
Total;13 Ciudad Real;13074 San Carlos del Valle;De 80 a 84 años;1 de enero de 2020;38
Total;13 Ciudad Real;13074 San Carlos del Valle;De 85 a 89 años;1 de enero de 2020;34
Total;13 Ciudad Real;13074 San Carlos del Valle;De 90 a 94 años;1 de enero de 2020;22
Total;13 Ciudad Real;13074 San Carlos del Valle;De 95 a 99 años;1 de enero de 2020;9
Total;13 Ciudad Real;13074 San Carlos del Valle;100 y más años;1 de enero de 2020;1
Total;13 Ciudad Real;13075 San Lorenzo de Calatrava;Todas las edades;1 de enero de 2020;207
Total;13 Ciudad Real;13075 San Lorenzo de Calatrava;De 0 a 4 años;1 de enero de 2020;6
Total;13 Ciudad Real;13075 San Lorenzo de Calatrava;De 5 a 9 años;1 de enero de 2020;3
Total;13 Ciudad Real;13075 San Lorenzo de Calatrava;De 10 a 14 años;1 de enero de 2020;5
Total;13 Ciudad Real;13075 San Lorenzo de Calatrava;De 65 a 69 años;1 de enero de 2020;9
Total;13 Ciudad Real;13075 San Lorenzo de Calatrava;De 70 a 74 años;1 de enero de 2020;20
Total;13 Ciudad Real;13075 San Lorenzo de Calatrava;De 75 a 79 años;1 de enero de 2020;16
Total;13 Ciudad Real;13075 San Lorenzo de Calatrava;De 80 a 84 años;1 de enero de 2020;15
Total;13 Ciudad Real;13075 San Lorenzo de Calatrava;De 85 a 89 años;1 de enero de 2020;8
Total;13 Ciudad Real;13075 San Lorenzo de Calatrava;De 90 a 94 años;1 de enero de 2020;3
Total;13 Ciudad Real;13075 San Lorenzo de Calatrava;De 95 a 99 años;1 de enero de 2020;1
Total;13 Ciudad Real;13075 San Lorenzo de Calatrava;100 y más años;1 de enero de 2020;0
Total;13 Ciudad Real;13076 Santa Cruz de los Cáñamos;Todas las edades;1 de enero de 2020;515
Total;13 Ciudad Real;13076 Santa Cruz de los Cáñamos;De 0 a 4 años;1 de enero de 2020;13
Total;13 Ciudad Real;13076 Santa Cruz de los Cáñamos;De 5 a 9 años;1 de enero de 2020;12
Total;13 Ciudad Real;13076 Santa Cruz de los Cáñamos;De 10 a 14 años;1 de enero de 2020;19
Total;13 Ciudad Real;13076 Santa Cruz de los Cáñamos;De 65 a 69 años;1 de enero de 2020;24
Total;13 Ciudad Real;13076 Santa Cruz de los Cáñamos;De 70 a 74 años;1 de enero de 2020;34
Total;13 Ciudad Real;13076 Santa Cruz de los Cáñamos;De 75 a 79 años;1 de enero de 2020;38
Total;13 Ciudad Real;13076 Santa Cruz de los Cáñamos;De 80 a 84 años;1 de enero de 2020;33
Total;13 Ciudad Real;13076 Santa Cruz de los Cáñamos;De 85 a 89 años;1 de enero de 2020;23
Total;13 Ciudad Real;13076 Santa Cruz de los Cáñamos;De 90 a 94 años;1 de enero de 2020;13
Total;13 Ciudad Real;13076 Santa Cruz de los Cáñamos;De 95 a 99 años;1 de enero de 2020;2
Total;13 Ciudad Real;13076 Santa Cruz de los Cáñamos;100 y más años;1 de enero de 2020;0
Total;13 Ciudad Real;13077 Santa Cruz de Mudela;Todas las edades;1 de enero de 2020;4.085
Total;13 Ciudad Real;13077 Santa Cruz de Mudela;De 0 a 4 años;1 de enero de 2020;121
Total;13 Ciudad Real;13077 Santa Cruz de Mudela;De 5 a 9 años;1 de enero de 2020;149
Total;13 Ciudad Real;13077 Santa Cruz de Mudela;De 10 a 14 años;1 de enero de 2020;186
Total;13 Ciudad Real;13077 Santa Cruz de Mudela;De 65 a 69 años;1 de enero de 2020;232
Total;13 Ciudad Real;13077 Santa Cruz de Mudela;De 70 a 74 años;1 de enero de 2020;171
Total;13 Ciudad Real;13077 Santa Cruz de Mudela;De 75 a 79 años;1 de enero de 2020;159
Total;13 Ciudad Real;13077 Santa Cruz de Mudela;De 80 a 84 años;1 de enero de 2020;152
Total;13 Ciudad Real;13077 Santa Cruz de Mudela;De 85 a 89 años;1 de enero de 2020;122
Total;13 Ciudad Real;13077 Santa Cruz de Mudela;De 90 a 94 años;1 de enero de 2020;74
Total;13 Ciudad Real;13077 Santa Cruz de Mudela;De 95 a 99 años;1 de enero de 2020;13
Total;13 Ciudad Real;13077 Santa Cruz de Mudela;100 y más años;1 de enero de 2020;2
Total;13 Ciudad Real;13078 Socuéllamos;Todas las edades;1 de enero de 2020;12.079
Total;13 Ciudad Real;13078 Socuéllamos;De 0 a 4 años;1 de enero de 2020;475
Total;13 Ciudad Real;13078 Socuéllamos;De 5 a 9 años;1 de enero de 2020;626
Total;13 Ciudad Real;13078 Socuéllamos;De 10 a 14 años;1 de enero de 2020;657
Total;13 Ciudad Real;13078 Socuéllamos;De 65 a 69 años;1 de enero de 2020;506
Total;13 Ciudad Real;13078 Socuéllamos;De 70 a 74 años;1 de enero de 2020;516
Total;13 Ciudad Real;13078 Socuéllamos;De 75 a 79 años;1 de enero de 2020;478
Total;13 Ciudad Real;13078 Socuéllamos;De 80 a 84 años;1 de enero de 2020;342
Total;13 Ciudad Real;13078 Socuéllamos;De 85 a 89 años;1 de enero de 2020;314
Total;13 Ciudad Real;13078 Socuéllamos;De 90 a 94 años;1 de enero de 2020;150
Total;13 Ciudad Real;13078 Socuéllamos;De 95 a 99 años;1 de enero de 2020;21
Total;13 Ciudad Real;13078 Socuéllamos;100 y más años;1 de enero de 2020;4
Total;13 Ciudad Real;13080 Solana del Pino;Todas las edades;1 de enero de 2020;314
Total;13 Ciudad Real;13080 Solana del Pino;De 0 a 4 años;1 de enero de 2020;0
Total;13 Ciudad Real;13080 Solana del Pino;De 5 a 9 años;1 de enero de 2020;2
Total;13 Ciudad Real;13080 Solana del Pino;De 10 a 14 años;1 de enero de 2020;6
Total;13 Ciudad Real;13080 Solana del Pino;De 65 a 69 años;1 de enero de 2020;21
Total;13 Ciudad Real;13080 Solana del Pino;De 70 a 74 años;1 de enero de 2020;23
Total;13 Ciudad Real;13080 Solana del Pino;De 75 a 79 años;1 de enero de 2020;26
Total;13 Ciudad Real;13080 Solana del Pino;De 80 a 84 años;1 de enero de 2020;26
Total;13 Ciudad Real;13080 Solana del Pino;De 85 a 89 años;1 de enero de 2020;10
Total;13 Ciudad Real;13080 Solana del Pino;De 90 a 94 años;1 de enero de 2020;9
Total;13 Ciudad Real;13080 Solana del Pino;De 95 a 99 años;1 de enero de 2020;2
Total;13 Ciudad Real;13080 Solana del Pino;100 y más años;1 de enero de 2020;0
Total;13 Ciudad Real;13079 Solana, La;Todas las edades;1 de enero de 2020;15.419
Total;13 Ciudad Real;13079 Solana, La;De 0 a 4 años;1 de enero de 2020;650
Total;13 Ciudad Real;13079 Solana, La;De 5 a 9 años;1 de enero de 2020;741
Total;13 Ciudad Real;13079 Solana, La;De 10 a 14 años;1 de enero de 2020;839
Total;13 Ciudad Real;13079 Solana, La;De 65 a 69 años;1 de enero de 2020;717
Total;13 Ciudad Real;13079 Solana, La;De 70 a 74 años;1 de enero de 2020;646
Total;13 Ciudad Real;13079 Solana, La;De 75 a 79 años;1 de enero de 2020;555
Total;13 Ciudad Real;13079 Solana, La;De 80 a 84 años;1 de enero de 2020;394
Total;13 Ciudad Real;13079 Solana, La;De 85 a 89 años;1 de enero de 2020;315
Total;13 Ciudad Real;13079 Solana, La;De 90 a 94 años;1 de enero de 2020;146
Total;13 Ciudad Real;13079 Solana, La;De 95 a 99 años;1 de enero de 2020;33
Total;13 Ciudad Real;13079 Solana, La;100 y más años;1 de enero de 2020;6
Total;13 Ciudad Real;13081 Terrinches;Todas las edades;1 de enero de 2020;653
Total;13 Ciudad Real;13081 Terrinches;De 0 a 4 años;1 de enero de 2020;17
Total;13 Ciudad Real;13081 Terrinches;De 5 a 9 años;1 de enero de 2020;15
Total;13 Ciudad Real;13081 Terrinches;De 10 a 14 años;1 de enero de 2020;18
Total;13 Ciudad Real;13081 Terrinches;De 65 a 69 años;1 de enero de 2020;33
Total;13 Ciudad Real;13081 Terrinches;De 70 a 74 años;1 de enero de 2020;33
Total;13 Ciudad Real;13081 Terrinches;De 75 a 79 años;1 de enero de 2020;27
Total;13 Ciudad Real;13081 Terrinches;De 80 a 84 años;1 de enero de 2020;24
Total;13 Ciudad Real;13081 Terrinches;De 85 a 89 años;1 de enero de 2020;30
Total;13 Ciudad Real;13081 Terrinches;De 90 a 94 años;1 de enero de 2020;14
Total;13 Ciudad Real;13081 Terrinches;De 95 a 99 años;1 de enero de 2020;4
Total;13 Ciudad Real;13081 Terrinches;100 y más años;1 de enero de 2020;0
Total;13 Ciudad Real;13082 Tomelloso;Todas las edades;1 de enero de 2020;36.168
Total;13 Ciudad Real;13082 Tomelloso;De 0 a 4 años;1 de enero de 2020;1.745
Total;13 Ciudad Real;13082 Tomelloso;De 5 a 9 años;1 de enero de 2020;1.855
Total;13 Ciudad Real;13082 Tomelloso;De 10 a 14 años;1 de enero de 2020;2.153
Total;13 Ciudad Real;13082 Tomelloso;De 65 a 69 años;1 de enero de 2020;1.561
Total;13 Ciudad Real;13082 Tomelloso;De 70 a 74 años;1 de enero de 2020;1.480
Total;13 Ciudad Real;13082 Tomelloso;De 75 a 79 años;1 de enero de 2020;1.264
Total;13 Ciudad Real;13082 Tomelloso;De 80 a 84 años;1 de enero de 2020;884
Total;13 Ciudad Real;13082 Tomelloso;De 85 a 89 años;1 de enero de 2020;663
Total;13 Ciudad Real;13082 Tomelloso;De 90 a 94 años;1 de enero de 2020;273
Total;13 Ciudad Real;13082 Tomelloso;De 95 a 99 años;1 de enero de 2020;55
Total;13 Ciudad Real;13082 Tomelloso;100 y más años;1 de enero de 2020;7
Total;13 Ciudad Real;13083 Torralba de Calatrava;Todas las edades;1 de enero de 2020;2.966
Total;13 Ciudad Real;13083 Torralba de Calatrava;De 0 a 4 años;1 de enero de 2020;119
Total;13 Ciudad Real;13083 Torralba de Calatrava;De 5 a 9 años;1 de enero de 2020;155
Total;13 Ciudad Real;13083 Torralba de Calatrava;De 10 a 14 años;1 de enero de 2020;153
Total;13 Ciudad Real;13083 Torralba de Calatrava;De 65 a 69 años;1 de enero de 2020;135
Total;13 Ciudad Real;13083 Torralba de Calatrava;De 70 a 74 años;1 de enero de 2020;162
Total;13 Ciudad Real;13083 Torralba de Calatrava;De 75 a 79 años;1 de enero de 2020;142
Total;13 Ciudad Real;13083 Torralba de Calatrava;De 80 a 84 años;1 de enero de 2020;112
Total;13 Ciudad Real;13083 Torralba de Calatrava;De 85 a 89 años;1 de enero de 2020;100
Total;13 Ciudad Real;13083 Torralba de Calatrava;De 90 a 94 años;1 de enero de 2020;38
Total;13 Ciudad Real;13083 Torralba de Calatrava;De 95 a 99 años;1 de enero de 2020;10
Total;13 Ciudad Real;13083 Torralba de Calatrava;100 y más años;1 de enero de 2020;0
Total;13 Ciudad Real;13084 Torre de Juan Abad;Todas las edades;1 de enero de 2020;1.000
Total;13 Ciudad Real;13084 Torre de Juan Abad;De 0 a 4 años;1 de enero de 2020;21
Total;13 Ciudad Real;13084 Torre de Juan Abad;De 5 a 9 años;1 de enero de 2020;31
Total;13 Ciudad Real;13084 Torre de Juan Abad;De 10 a 14 años;1 de enero de 2020;53
Total;13 Ciudad Real;13084 Torre de Juan Abad;De 65 a 69 años;1 de enero de 2020;65
Total;13 Ciudad Real;13084 Torre de Juan Abad;De 70 a 74 años;1 de enero de 2020;50
Total;13 Ciudad Real;13084 Torre de Juan Abad;De 75 a 79 años;1 de enero de 2020;56
Total;13 Ciudad Real;13084 Torre de Juan Abad;De 80 a 84 años;1 de enero de 2020;55
Total;13 Ciudad Real;13084 Torre de Juan Abad;De 85 a 89 años;1 de enero de 2020;57
Total;13 Ciudad Real;13084 Torre de Juan Abad;De 90 a 94 años;1 de enero de 2020;27
Total;13 Ciudad Real;13084 Torre de Juan Abad;De 95 a 99 años;1 de enero de 2020;2
Total;13 Ciudad Real;13084 Torre de Juan Abad;100 y más años;1 de enero de 2020;0
Total;13 Ciudad Real;13085 Torrenueva;Todas las edades;1 de enero de 2020;2.667
Total;13 Ciudad Real;13085 Torrenueva;De 0 a 4 años;1 de enero de 2020;105
Total;13 Ciudad Real;13085 Torrenueva;De 5 a 9 años;1 de enero de 2020;122
Total;13 Ciudad Real;13085 Torrenueva;De 10 a 14 años;1 de enero de 2020;151
Total;13 Ciudad Real;13085 Torrenueva;De 65 a 69 años;1 de enero de 2020;155
Total;13 Ciudad Real;13085 Torrenueva;De 70 a 74 años;1 de enero de 2020;138
Total;13 Ciudad Real;13085 Torrenueva;De 75 a 79 años;1 de enero de 2020;123
Total;13 Ciudad Real;13085 Torrenueva;De 80 a 84 años;1 de enero de 2020;89
Total;13 Ciudad Real;13085 Torrenueva;De 85 a 89 años;1 de enero de 2020;73
Total;13 Ciudad Real;13085 Torrenueva;De 90 a 94 años;1 de enero de 2020;43
Total;13 Ciudad Real;13085 Torrenueva;De 95 a 99 años;1 de enero de 2020;6
Total;13 Ciudad Real;13085 Torrenueva;100 y más años;1 de enero de 2020;1
Total;13 Ciudad Real;13086 Valdemanco del Esteras;Todas las edades;1 de enero de 2020;168
Total;13 Ciudad Real;13086 Valdemanco del Esteras;De 0 a 4 años;1 de enero de 2020;1
Total;13 Ciudad Real;13086 Valdemanco del Esteras;De 5 a 9 años;1 de enero de 2020;1
Total;13 Ciudad Real;13086 Valdemanco del Esteras;De 10 a 14 años;1 de enero de 2020;5
Total;13 Ciudad Real;13086 Valdemanco del Esteras;De 65 a 69 años;1 de enero de 2020;7
Total;13 Ciudad Real;13086 Valdemanco del Esteras;De 70 a 74 años;1 de enero de 2020;18
Total;13 Ciudad Real;13086 Valdemanco del Esteras;De 75 a 79 años;1 de enero de 2020;18
Total;13 Ciudad Real;13086 Valdemanco del Esteras;De 80 a 84 años;1 de enero de 2020;19
Total;13 Ciudad Real;13086 Valdemanco del Esteras;De 85 a 89 años;1 de enero de 2020;19
Total;13 Ciudad Real;13086 Valdemanco del Esteras;De 90 a 94 años;1 de enero de 2020;3
Total;13 Ciudad Real;13086 Valdemanco del Esteras;De 95 a 99 años;1 de enero de 2020;0
Total;13 Ciudad Real;13086 Valdemanco del Esteras;100 y más años;1 de enero de 2020;0
Total;13 Ciudad Real;13087 Valdepeñas;Todas las edades;1 de enero de 2020;30.252
Total;13 Ciudad Real;13087 Valdepeñas;De 0 a 4 años;1 de enero de 2020;1.244
Total;13 Ciudad Real;13087 Valdepeñas;De 5 a 9 años;1 de enero de 2020;1.523
Total;13 Ciudad Real;13087 Valdepeñas;De 10 a 14 años;1 de enero de 2020;1.753
Total;13 Ciudad Real;13087 Valdepeñas;De 65 a 69 años;1 de enero de 2020;1.391
Total;13 Ciudad Real;13087 Valdepeñas;De 70 a 74 años;1 de enero de 2020;1.235
Total;13 Ciudad Real;13087 Valdepeñas;De 75 a 79 años;1 de enero de 2020;999
Total;13 Ciudad Real;13087 Valdepeñas;De 80 a 84 años;1 de enero de 2020;774
Total;13 Ciudad Real;13087 Valdepeñas;De 85 a 89 años;1 de enero de 2020;611
Total;13 Ciudad Real;13087 Valdepeñas;De 90 a 94 años;1 de enero de 2020;281
Total;13 Ciudad Real;13087 Valdepeñas;De 95 a 99 años;1 de enero de 2020;55
Total;13 Ciudad Real;13087 Valdepeñas;100 y más años;1 de enero de 2020;3
Total;13 Ciudad Real;13088 Valenzuela de Calatrava;Todas las edades;1 de enero de 2020;674
Total;13 Ciudad Real;13088 Valenzuela de Calatrava;De 0 a 4 años;1 de enero de 2020;20
Total;13 Ciudad Real;13088 Valenzuela de Calatrava;De 5 a 9 años;1 de enero de 2020;23
Total;13 Ciudad Real;13088 Valenzuela de Calatrava;De 10 a 14 años;1 de enero de 2020;29
Total;13 Ciudad Real;13088 Valenzuela de Calatrava;De 65 a 69 años;1 de enero de 2020;35
Total;13 Ciudad Real;13088 Valenzuela de Calatrava;De 70 a 74 años;1 de enero de 2020;33
Total;13 Ciudad Real;13088 Valenzuela de Calatrava;De 75 a 79 años;1 de enero de 2020;22
Total;13 Ciudad Real;13088 Valenzuela de Calatrava;De 80 a 84 años;1 de enero de 2020;24
Total;13 Ciudad Real;13088 Valenzuela de Calatrava;De 85 a 89 años;1 de enero de 2020;27
Total;13 Ciudad Real;13088 Valenzuela de Calatrava;De 90 a 94 años;1 de enero de 2020;9
Total;13 Ciudad Real;13088 Valenzuela de Calatrava;De 95 a 99 años;1 de enero de 2020;1
Total;13 Ciudad Real;13088 Valenzuela de Calatrava;100 y más años;1 de enero de 2020;0
Total;13 Ciudad Real;13089 Villahermosa;Todas las edades;1 de enero de 2020;1.790
Total;13 Ciudad Real;13089 Villahermosa;De 0 a 4 años;1 de enero de 2020;44
Total;13 Ciudad Real;13089 Villahermosa;De 5 a 9 años;1 de enero de 2020;39
Total;13 Ciudad Real;13089 Villahermosa;De 10 a 14 años;1 de enero de 2020;59
Total;13 Ciudad Real;13089 Villahermosa;De 65 a 69 años;1 de enero de 2020;122
Total;13 Ciudad Real;13089 Villahermosa;De 70 a 74 años;1 de enero de 2020;126
Total;13 Ciudad Real;13089 Villahermosa;De 75 a 79 años;1 de enero de 2020;126
Total;13 Ciudad Real;13089 Villahermosa;De 80 a 84 años;1 de enero de 2020;103
Total;13 Ciudad Real;13089 Villahermosa;De 85 a 89 años;1 de enero de 2020;96
Total;13 Ciudad Real;13089 Villahermosa;De 90 a 94 años;1 de enero de 2020;37
Total;13 Ciudad Real;13089 Villahermosa;De 95 a 99 años;1 de enero de 2020;6
Total;13 Ciudad Real;13089 Villahermosa;100 y más años;1 de enero de 2020;0
Total;13 Ciudad Real;13090 Villamanrique;Todas las edades;1 de enero de 2020;1.128
Total;13 Ciudad Real;13090 Villamanrique;De 0 a 4 años;1 de enero de 2020;30
Total;13 Ciudad Real;13090 Villamanrique;De 5 a 9 años;1 de enero de 2020;27
Total;13 Ciudad Real;13090 Villamanrique;De 10 a 14 años;1 de enero de 2020;35
Total;13 Ciudad Real;13090 Villamanrique;De 65 a 69 años;1 de enero de 2020;54
Total;13 Ciudad Real;13090 Villamanrique;De 70 a 74 años;1 de enero de 2020;54
Total;13 Ciudad Real;13090 Villamanrique;De 75 a 79 años;1 de enero de 2020;66
Total;13 Ciudad Real;13090 Villamanrique;De 80 a 84 años;1 de enero de 2020;58
Total;13 Ciudad Real;13090 Villamanrique;De 85 a 89 años;1 de enero de 2020;56
Total;13 Ciudad Real;13090 Villamanrique;De 90 a 94 años;1 de enero de 2020;23
Total;13 Ciudad Real;13090 Villamanrique;De 95 a 99 años;1 de enero de 2020;5
Total;13 Ciudad Real;13090 Villamanrique;100 y más años;1 de enero de 2020;2
Total;13 Ciudad Real;13091 Villamayor de Calatrava;Todas las edades;1 de enero de 2020;620
Total;13 Ciudad Real;13091 Villamayor de Calatrava;De 0 a 4 años;1 de enero de 2020;17
Total;13 Ciudad Real;13091 Villamayor de Calatrava;De 5 a 9 años;1 de enero de 2020;23
Total;13 Ciudad Real;13091 Villamayor de Calatrava;De 10 a 14 años;1 de enero de 2020;22
Total;13 Ciudad Real;13091 Villamayor de Calatrava;De 65 a 69 años;1 de enero de 2020;34
Total;13 Ciudad Real;13091 Villamayor de Calatrava;De 70 a 74 años;1 de enero de 2020;42
Total;13 Ciudad Real;13091 Villamayor de Calatrava;De 75 a 79 años;1 de enero de 2020;35
Total;13 Ciudad Real;13091 Villamayor de Calatrava;De 80 a 84 años;1 de enero de 2020;30
Total;13 Ciudad Real;13091 Villamayor de Calatrava;De 85 a 89 años;1 de enero de 2020;37
Total;13 Ciudad Real;13091 Villamayor de Calatrava;De 90 a 94 años;1 de enero de 2020;22
Total;13 Ciudad Real;13091 Villamayor de Calatrava;De 95 a 99 años;1 de enero de 2020;3
Total;13 Ciudad Real;13091 Villamayor de Calatrava;100 y más años;1 de enero de 2020;1
Total;13 Ciudad Real;13092 Villanueva de la Fuente;Todas las edades;1 de enero de 2020;2.033
Total;13 Ciudad Real;13092 Villanueva de la Fuente;De 0 a 4 años;1 de enero de 2020;45
Total;13 Ciudad Real;13092 Villanueva de la Fuente;De 5 a 9 años;1 de enero de 2020;60
Total;13 Ciudad Real;13092 Villanueva de la Fuente;De 10 a 14 años;1 de enero de 2020;103
Total;13 Ciudad Real;13092 Villanueva de la Fuente;De 65 a 69 años;1 de enero de 2020;110
Total;13 Ciudad Real;13092 Villanueva de la Fuente;De 70 a 74 años;1 de enero de 2020;117
Total;13 Ciudad Real;13092 Villanueva de la Fuente;De 75 a 79 años;1 de enero de 2020;121
Total;13 Ciudad Real;13092 Villanueva de la Fuente;De 80 a 84 años;1 de enero de 2020;105
Total;13 Ciudad Real;13092 Villanueva de la Fuente;De 85 a 89 años;1 de enero de 2020;94
Total;13 Ciudad Real;13092 Villanueva de la Fuente;De 90 a 94 años;1 de enero de 2020;32
Total;13 Ciudad Real;13092 Villanueva de la Fuente;De 95 a 99 años;1 de enero de 2020;6
Total;13 Ciudad Real;13092 Villanueva de la Fuente;100 y más años;1 de enero de 2020;2
Total;13 Ciudad Real;13093 Villanueva de los Infantes;Todas las edades;1 de enero de 2020;4.869
Total;13 Ciudad Real;13093 Villanueva de los Infantes;De 0 a 4 años;1 de enero de 2020;127
Total;13 Ciudad Real;13093 Villanueva de los Infantes;De 5 a 9 años;1 de enero de 2020;146
Total;13 Ciudad Real;13093 Villanueva de los Infantes;De 10 a 14 años;1 de enero de 2020;202
Total;13 Ciudad Real;13093 Villanueva de los Infantes;De 65 a 69 años;1 de enero de 2020;260
Total;13 Ciudad Real;13093 Villanueva de los Infantes;De 70 a 74 años;1 de enero de 2020;242
Total;13 Ciudad Real;13093 Villanueva de los Infantes;De 75 a 79 años;1 de enero de 2020;201
Total;13 Ciudad Real;13093 Villanueva de los Infantes;De 80 a 84 años;1 de enero de 2020;186
Total;13 Ciudad Real;13093 Villanueva de los Infantes;De 85 a 89 años;1 de enero de 2020;182
Total;13 Ciudad Real;13093 Villanueva de los Infantes;De 90 a 94 años;1 de enero de 2020;86
Total;13 Ciudad Real;13093 Villanueva de los Infantes;De 95 a 99 años;1 de enero de 2020;19
Total;13 Ciudad Real;13093 Villanueva de los Infantes;100 y más años;1 de enero de 2020;5
Total;13 Ciudad Real;13094 Villanueva de San Carlos;Todas las edades;1 de enero de 2020;291
Total;13 Ciudad Real;13094 Villanueva de San Carlos;De 0 a 4 años;1 de enero de 2020;3
Total;13 Ciudad Real;13094 Villanueva de San Carlos;De 5 a 9 años;1 de enero de 2020;1
Total;13 Ciudad Real;13094 Villanueva de San Carlos;De 10 a 14 años;1 de enero de 2020;1
Total;13 Ciudad Real;13094 Villanueva de San Carlos;De 65 a 69 años;1 de enero de 2020;22
Total;13 Ciudad Real;13094 Villanueva de San Carlos;De 70 a 74 años;1 de enero de 2020;23
Total;13 Ciudad Real;13094 Villanueva de San Carlos;De 75 a 79 años;1 de enero de 2020;23
Total;13 Ciudad Real;13094 Villanueva de San Carlos;De 80 a 84 años;1 de enero de 2020;29
Total;13 Ciudad Real;13094 Villanueva de San Carlos;De 85 a 89 años;1 de enero de 2020;18
Total;13 Ciudad Real;13094 Villanueva de San Carlos;De 90 a 94 años;1 de enero de 2020;7
Total;13 Ciudad Real;13094 Villanueva de San Carlos;De 95 a 99 años;1 de enero de 2020;1
Total;13 Ciudad Real;13094 Villanueva de San Carlos;100 y más años;1 de enero de 2020;1
Total;13 Ciudad Real;13095 Villar del Pozo;Todas las edades;1 de enero de 2020;61
Total;13 Ciudad Real;13095 Villar del Pozo;De 0 a 4 años;1 de enero de 2020;0
Total;13 Ciudad Real;13095 Villar del Pozo;De 5 a 9 años;1 de enero de 2020;1
Total;13 Ciudad Real;13095 Villar del Pozo;De 10 a 14 años;1 de enero de 2020;1
Total;13 Ciudad Real;13095 Villar del Pozo;De 65 a 69 años;1 de enero de 2020;4
Total;13 Ciudad Real;13095 Villar del Pozo;De 70 a 74 años;1 de enero de 2020;5
Total;13 Ciudad Real;13095 Villar del Pozo;De 75 a 79 años;1 de enero de 2020;6
Total;13 Ciudad Real;13095 Villar del Pozo;De 80 a 84 años;1 de enero de 2020;6
Total;13 Ciudad Real;13095 Villar del Pozo;De 85 a 89 años;1 de enero de 2020;5
Total;13 Ciudad Real;13095 Villar del Pozo;De 90 a 94 años;1 de enero de 2020;2
Total;13 Ciudad Real;13095 Villar del Pozo;De 95 a 99 años;1 de enero de 2020;0
Total;13 Ciudad Real;13095 Villar del Pozo;100 y más años;1 de enero de 2020;0
Total;13 Ciudad Real;13096 Villarrubia de los Ojos;Todas las edades;1 de enero de 2020;9.762
Total;13 Ciudad Real;13096 Villarrubia de los Ojos;De 0 a 4 años;1 de enero de 2020;393
Total;13 Ciudad Real;13096 Villarrubia de los Ojos;De 5 a 9 años;1 de enero de 2020;466
Total;13 Ciudad Real;13096 Villarrubia de los Ojos;De 10 a 14 años;1 de enero de 2020;537
Total;13 Ciudad Real;13096 Villarrubia de los Ojos;De 65 a 69 años;1 de enero de 2020;462
Total;13 Ciudad Real;13096 Villarrubia de los Ojos;De 70 a 74 años;1 de enero de 2020;440
Total;13 Ciudad Real;13096 Villarrubia de los Ojos;De 75 a 79 años;1 de enero de 2020;359
Total;13 Ciudad Real;13096 Villarrubia de los Ojos;De 80 a 84 años;1 de enero de 2020;256
Total;13 Ciudad Real;13096 Villarrubia de los Ojos;De 85 a 89 años;1 de enero de 2020;256
Total;13 Ciudad Real;13096 Villarrubia de los Ojos;De 90 a 94 años;1 de enero de 2020;117
Total;13 Ciudad Real;13096 Villarrubia de los Ojos;De 95 a 99 años;1 de enero de 2020;31
Total;13 Ciudad Real;13096 Villarrubia de los Ojos;100 y más años;1 de enero de 2020;5
Total;13 Ciudad Real;13097 Villarta de San Juan;Todas las edades;1 de enero de 2020;2.739
Total;13 Ciudad Real;13097 Villarta de San Juan;De 0 a 4 años;1 de enero de 2020;102
Total;13 Ciudad Real;13097 Villarta de San Juan;De 5 a 9 años;1 de enero de 2020;125
Total;13 Ciudad Real;13097 Villarta de San Juan;De 10 a 14 años;1 de enero de 2020;136
Total;13 Ciudad Real;13097 Villarta de San Juan;De 65 a 69 años;1 de enero de 2020;149
Total;13 Ciudad Real;13097 Villarta de San Juan;De 70 a 74 años;1 de enero de 2020;138
Total;13 Ciudad Real;13097 Villarta de San Juan;De 75 a 79 años;1 de enero de 2020;135
Total;13 Ciudad Real;13097 Villarta de San Juan;De 80 a 84 años;1 de enero de 2020;91
Total;13 Ciudad Real;13097 Villarta de San Juan;De 85 a 89 años;1 de enero de 2020;84
Total;13 Ciudad Real;13097 Villarta de San Juan;De 90 a 94 años;1 de enero de 2020;28
Total;13 Ciudad Real;13097 Villarta de San Juan;De 95 a 99 años;1 de enero de 2020;5
Total;13 Ciudad Real;13097 Villarta de San Juan;100 y más años;1 de enero de 2020;0
Total;13 Ciudad Real;13098 Viso del Marqués;Todas las edades;1 de enero de 2020;2.256
Total;13 Ciudad Real;13098 Viso del Marqués;De 0 a 4 años;1 de enero de 2020;48
Total;13 Ciudad Real;13098 Viso del Marqués;De 5 a 9 años;1 de enero de 2020;72
Total;13 Ciudad Real;13098 Viso del Marqués;De 10 a 14 años;1 de enero de 2020;99
Total;13 Ciudad Real;13098 Viso del Marqués;De 65 a 69 años;1 de enero de 2020;132
Total;13 Ciudad Real;13098 Viso del Marqués;De 70 a 74 años;1 de enero de 2020;144
Total;13 Ciudad Real;13098 Viso del Marqués;De 75 a 79 años;1 de enero de 2020;133
Total;13 Ciudad Real;13098 Viso del Marqués;De 80 a 84 años;1 de enero de 2020;129
Total;13 Ciudad Real;13098 Viso del Marqués;De 85 a 89 años;1 de enero de 2020;113
Total;13 Ciudad Real;13098 Viso del Marqués;De 90 a 94 años;1 de enero de 2020;38
Total;13 Ciudad Real;13098 Viso del Marqués;De 95 a 99 años;1 de enero de 2020;4
Total;13 Ciudad Real;13098 Viso del Marqués;100 y más años;1 de enero de 2020;1
