Municipio;Nacionalidad;Sexo;Destino;Total
19001 Abánades;Total;Total;Misma provincia;0
19001 Abánades;Total;Total;Misma comunidad autónoma, distinta provincia;0
19001 Abánades;Total;Total;Otra comunidad autónoma;0
19001 Abánades;Total;Total;Extranjero;0
19002 Ablanque;Total;Total;Misma provincia;0
19002 Ablanque;Total;Total;Misma comunidad autónoma, distinta provincia;0
19002 Ablanque;Total;Total;Otra comunidad autónoma;2
19002 Ablanque;Total;Total;Extranjero;0
19003 Adobes;Total;Total;Misma provincia;1
19003 Adobes;Total;Total;Misma comunidad autónoma, distinta provincia;1
19003 Adobes;Total;Total;Otra comunidad autónoma;2
19003 Adobes;Total;Total;Extranjero;0
19004 Alaminos;Total;Total;Misma provincia;2
19004 Alaminos;Total;Total;Misma comunidad autónoma, distinta provincia;0
19004 Alaminos;Total;Total;Otra comunidad autónoma;0
19004 Alaminos;Total;Total;Extranjero;0
19005 Alarilla;Total;Total;Misma provincia;2
19005 Alarilla;Total;Total;Misma comunidad autónoma, distinta provincia;0
19005 Alarilla;Total;Total;Otra comunidad autónoma;5
19005 Alarilla;Total;Total;Extranjero;0
19006 Albalate de Zorita;Total;Total;Misma provincia;15
19006 Albalate de Zorita;Total;Total;Misma comunidad autónoma, distinta provincia;2
19006 Albalate de Zorita;Total;Total;Otra comunidad autónoma;15
19006 Albalate de Zorita;Total;Total;Extranjero;3
19007 Albares;Total;Total;Misma provincia;6
19007 Albares;Total;Total;Misma comunidad autónoma, distinta provincia;1
19007 Albares;Total;Total;Otra comunidad autónoma;9
19007 Albares;Total;Total;Extranjero;0
19008 Albendiego;Total;Total;Misma provincia;1
19008 Albendiego;Total;Total;Misma comunidad autónoma, distinta provincia;0
19008 Albendiego;Total;Total;Otra comunidad autónoma;7
19008 Albendiego;Total;Total;Extranjero;0
19009 Alcocer;Total;Total;Misma provincia;5
19009 Alcocer;Total;Total;Misma comunidad autónoma, distinta provincia;3
19009 Alcocer;Total;Total;Otra comunidad autónoma;13
19009 Alcocer;Total;Total;Extranjero;0
19010 Alcolea de las Peñas;Total;Total;Misma provincia;0
19010 Alcolea de las Peñas;Total;Total;Misma comunidad autónoma, distinta provincia;0
19010 Alcolea de las Peñas;Total;Total;Otra comunidad autónoma;0
19010 Alcolea de las Peñas;Total;Total;Extranjero;0
19011 Alcolea del Pinar;Total;Total;Misma provincia;15
19011 Alcolea del Pinar;Total;Total;Misma comunidad autónoma, distinta provincia;0
19011 Alcolea del Pinar;Total;Total;Otra comunidad autónoma;6
19011 Alcolea del Pinar;Total;Total;Extranjero;1
19013 Alcoroches;Total;Total;Misma provincia;0
19013 Alcoroches;Total;Total;Misma comunidad autónoma, distinta provincia;0
19013 Alcoroches;Total;Total;Otra comunidad autónoma;1
19013 Alcoroches;Total;Total;Extranjero;0
19015 Aldeanueva de Guadalajara;Total;Total;Misma provincia;3
19015 Aldeanueva de Guadalajara;Total;Total;Misma comunidad autónoma, distinta provincia;0
19015 Aldeanueva de Guadalajara;Total;Total;Otra comunidad autónoma;1
19015 Aldeanueva de Guadalajara;Total;Total;Extranjero;0
19016 Algar de Mesa;Total;Total;Misma provincia;0
19016 Algar de Mesa;Total;Total;Misma comunidad autónoma, distinta provincia;0
19016 Algar de Mesa;Total;Total;Otra comunidad autónoma;2
19016 Algar de Mesa;Total;Total;Extranjero;0
19017 Algora;Total;Total;Misma provincia;0
19017 Algora;Total;Total;Misma comunidad autónoma, distinta provincia;0
19017 Algora;Total;Total;Otra comunidad autónoma;0
19017 Algora;Total;Total;Extranjero;0
19018 Alhóndiga;Total;Total;Misma provincia;3
19018 Alhóndiga;Total;Total;Misma comunidad autónoma, distinta provincia;0
19018 Alhóndiga;Total;Total;Otra comunidad autónoma;1
19018 Alhóndiga;Total;Total;Extranjero;0
19019 Alique;Total;Total;Misma provincia;0
19019 Alique;Total;Total;Misma comunidad autónoma, distinta provincia;0
19019 Alique;Total;Total;Otra comunidad autónoma;0
19019 Alique;Total;Total;Extranjero;0
19020 Almadrones;Total;Total;Misma provincia;6
19020 Almadrones;Total;Total;Misma comunidad autónoma, distinta provincia;0
19020 Almadrones;Total;Total;Otra comunidad autónoma;7
19020 Almadrones;Total;Total;Extranjero;0
19021 Almoguera;Total;Total;Misma provincia;32
19021 Almoguera;Total;Total;Misma comunidad autónoma, distinta provincia;2
19021 Almoguera;Total;Total;Otra comunidad autónoma;36
19021 Almoguera;Total;Total;Extranjero;2
19022 Almonacid de Zorita;Total;Total;Misma provincia;15
19022 Almonacid de Zorita;Total;Total;Misma comunidad autónoma, distinta provincia;1
19022 Almonacid de Zorita;Total;Total;Otra comunidad autónoma;23
19022 Almonacid de Zorita;Total;Total;Extranjero;0
19023 Alocén;Total;Total;Misma provincia;2
19023 Alocén;Total;Total;Misma comunidad autónoma, distinta provincia;0
19023 Alocén;Total;Total;Otra comunidad autónoma;11
19023 Alocén;Total;Total;Extranjero;0
19024 Alovera;Total;Total;Misma provincia;334
19024 Alovera;Total;Total;Misma comunidad autónoma, distinta provincia;17
19024 Alovera;Total;Total;Otra comunidad autónoma;319
19024 Alovera;Total;Total;Extranjero;56
19027 Alustante;Total;Total;Misma provincia;4
19027 Alustante;Total;Total;Misma comunidad autónoma, distinta provincia;0
19027 Alustante;Total;Total;Otra comunidad autónoma;7
19027 Alustante;Total;Total;Extranjero;0
19031 Angón;Total;Total;Misma provincia;0
19031 Angón;Total;Total;Misma comunidad autónoma, distinta provincia;0
19031 Angón;Total;Total;Otra comunidad autónoma;0
19031 Angón;Total;Total;Extranjero;0
19032 Anguita;Total;Total;Misma provincia;1
19032 Anguita;Total;Total;Misma comunidad autónoma, distinta provincia;0
19032 Anguita;Total;Total;Otra comunidad autónoma;4
19032 Anguita;Total;Total;Extranjero;0
19033 Anquela del Ducado;Total;Total;Misma provincia;1
19033 Anquela del Ducado;Total;Total;Misma comunidad autónoma, distinta provincia;0
19033 Anquela del Ducado;Total;Total;Otra comunidad autónoma;2
19033 Anquela del Ducado;Total;Total;Extranjero;0
19034 Anquela del Pedregal;Total;Total;Misma provincia;2
19034 Anquela del Pedregal;Total;Total;Misma comunidad autónoma, distinta provincia;0
19034 Anquela del Pedregal;Total;Total;Otra comunidad autónoma;1
19034 Anquela del Pedregal;Total;Total;Extranjero;0
19036 Aranzueque;Total;Total;Misma provincia;7
19036 Aranzueque;Total;Total;Misma comunidad autónoma, distinta provincia;0
19036 Aranzueque;Total;Total;Otra comunidad autónoma;1
19036 Aranzueque;Total;Total;Extranjero;0
19037 Arbancón;Total;Total;Misma provincia;6
19037 Arbancón;Total;Total;Misma comunidad autónoma, distinta provincia;0
19037 Arbancón;Total;Total;Otra comunidad autónoma;5
19037 Arbancón;Total;Total;Extranjero;0
19038 Arbeteta;Total;Total;Misma provincia;0
19038 Arbeteta;Total;Total;Misma comunidad autónoma, distinta provincia;0
19038 Arbeteta;Total;Total;Otra comunidad autónoma;0
19038 Arbeteta;Total;Total;Extranjero;0
19039 Argecilla;Total;Total;Misma provincia;0
19039 Argecilla;Total;Total;Misma comunidad autónoma, distinta provincia;0
19039 Argecilla;Total;Total;Otra comunidad autónoma;0
19039 Argecilla;Total;Total;Extranjero;0
19040 Armallones;Total;Total;Misma provincia;0
19040 Armallones;Total;Total;Misma comunidad autónoma, distinta provincia;0
19040 Armallones;Total;Total;Otra comunidad autónoma;2
19040 Armallones;Total;Total;Extranjero;0
19041 Armuña de Tajuña;Total;Total;Misma provincia;13
19041 Armuña de Tajuña;Total;Total;Misma comunidad autónoma, distinta provincia;0
19041 Armuña de Tajuña;Total;Total;Otra comunidad autónoma;4
19041 Armuña de Tajuña;Total;Total;Extranjero;0
19042 Arroyo de las Fraguas;Total;Total;Misma provincia;0
19042 Arroyo de las Fraguas;Total;Total;Misma comunidad autónoma, distinta provincia;0
19042 Arroyo de las Fraguas;Total;Total;Otra comunidad autónoma;0
19042 Arroyo de las Fraguas;Total;Total;Extranjero;0
19043 Atanzón;Total;Total;Misma provincia;1
19043 Atanzón;Total;Total;Misma comunidad autónoma, distinta provincia;0
19043 Atanzón;Total;Total;Otra comunidad autónoma;0
19043 Atanzón;Total;Total;Extranjero;0
19044 Atienza;Total;Total;Misma provincia;14
19044 Atienza;Total;Total;Misma comunidad autónoma, distinta provincia;1
19044 Atienza;Total;Total;Otra comunidad autónoma;7
19044 Atienza;Total;Total;Extranjero;2
19045 Auñón;Total;Total;Misma provincia;1
19045 Auñón;Total;Total;Misma comunidad autónoma, distinta provincia;0
19045 Auñón;Total;Total;Otra comunidad autónoma;7
19045 Auñón;Total;Total;Extranjero;0
19046 Azuqueca de Henares;Total;Total;Misma provincia;703
19046 Azuqueca de Henares;Total;Total;Misma comunidad autónoma, distinta provincia;66
19046 Azuqueca de Henares;Total;Total;Otra comunidad autónoma;930
19046 Azuqueca de Henares;Total;Total;Extranjero;419
19047 Baides;Total;Total;Misma provincia;0
19047 Baides;Total;Total;Misma comunidad autónoma, distinta provincia;0
19047 Baides;Total;Total;Otra comunidad autónoma;0
19047 Baides;Total;Total;Extranjero;0
19048 Baños de Tajo;Total;Total;Misma provincia;0
19048 Baños de Tajo;Total;Total;Misma comunidad autónoma, distinta provincia;0
19048 Baños de Tajo;Total;Total;Otra comunidad autónoma;0
19048 Baños de Tajo;Total;Total;Extranjero;0
19049 Bañuelos;Total;Total;Misma provincia;0
19049 Bañuelos;Total;Total;Misma comunidad autónoma, distinta provincia;0
19049 Bañuelos;Total;Total;Otra comunidad autónoma;0
19049 Bañuelos;Total;Total;Extranjero;0
19050 Barriopedro;Total;Total;Misma provincia;0
19050 Barriopedro;Total;Total;Misma comunidad autónoma, distinta provincia;0
19050 Barriopedro;Total;Total;Otra comunidad autónoma;0
19050 Barriopedro;Total;Total;Extranjero;0
19051 Berninches;Total;Total;Misma provincia;1
19051 Berninches;Total;Total;Misma comunidad autónoma, distinta provincia;0
19051 Berninches;Total;Total;Otra comunidad autónoma;0
19051 Berninches;Total;Total;Extranjero;0
19052 Bodera, La;Total;Total;Misma provincia;0
19052 Bodera, La;Total;Total;Misma comunidad autónoma, distinta provincia;0
19052 Bodera, La;Total;Total;Otra comunidad autónoma;1
19052 Bodera, La;Total;Total;Extranjero;0
19053 Brihuega;Total;Total;Misma provincia;40
19053 Brihuega;Total;Total;Misma comunidad autónoma, distinta provincia;3
19053 Brihuega;Total;Total;Otra comunidad autónoma;37
19053 Brihuega;Total;Total;Extranjero;3
19054 Budia;Total;Total;Misma provincia;2
19054 Budia;Total;Total;Misma comunidad autónoma, distinta provincia;1
19054 Budia;Total;Total;Otra comunidad autónoma;3
19054 Budia;Total;Total;Extranjero;0
19055 Bujalaro;Total;Total;Misma provincia;1
19055 Bujalaro;Total;Total;Misma comunidad autónoma, distinta provincia;0
19055 Bujalaro;Total;Total;Otra comunidad autónoma;1
19055 Bujalaro;Total;Total;Extranjero;0
19057 Bustares;Total;Total;Misma provincia;0
19057 Bustares;Total;Total;Misma comunidad autónoma, distinta provincia;0
19057 Bustares;Total;Total;Otra comunidad autónoma;1
19057 Bustares;Total;Total;Extranjero;1
19058 Cabanillas del Campo;Total;Total;Misma provincia;236
19058 Cabanillas del Campo;Total;Total;Misma comunidad autónoma, distinta provincia;8
19058 Cabanillas del Campo;Total;Total;Otra comunidad autónoma;180
19058 Cabanillas del Campo;Total;Total;Extranjero;38
19059 Campillo de Dueñas;Total;Total;Misma provincia;0
19059 Campillo de Dueñas;Total;Total;Misma comunidad autónoma, distinta provincia;0
19059 Campillo de Dueñas;Total;Total;Otra comunidad autónoma;6
19059 Campillo de Dueñas;Total;Total;Extranjero;0
19060 Campillo de Ranas;Total;Total;Misma provincia;5
19060 Campillo de Ranas;Total;Total;Misma comunidad autónoma, distinta provincia;0
19060 Campillo de Ranas;Total;Total;Otra comunidad autónoma;8
19060 Campillo de Ranas;Total;Total;Extranjero;0
19061 Campisábalos;Total;Total;Misma provincia;1
19061 Campisábalos;Total;Total;Misma comunidad autónoma, distinta provincia;0
19061 Campisábalos;Total;Total;Otra comunidad autónoma;2
19061 Campisábalos;Total;Total;Extranjero;0
19066 Cañizar;Total;Total;Misma provincia;0
19066 Cañizar;Total;Total;Misma comunidad autónoma, distinta provincia;0
19066 Cañizar;Total;Total;Otra comunidad autónoma;0
19066 Cañizar;Total;Total;Extranjero;0
19064 Canredondo;Total;Total;Misma provincia;1
19064 Canredondo;Total;Total;Misma comunidad autónoma, distinta provincia;0
19064 Canredondo;Total;Total;Otra comunidad autónoma;2
19064 Canredondo;Total;Total;Extranjero;0
19065 Cantalojas;Total;Total;Misma provincia;1
19065 Cantalojas;Total;Total;Misma comunidad autónoma, distinta provincia;0
19065 Cantalojas;Total;Total;Otra comunidad autónoma;7
19065 Cantalojas;Total;Total;Extranjero;0
19067 Cardoso de la Sierra, El;Total;Total;Misma provincia;0
19067 Cardoso de la Sierra, El;Total;Total;Misma comunidad autónoma, distinta provincia;0
19067 Cardoso de la Sierra, El;Total;Total;Otra comunidad autónoma;1
19067 Cardoso de la Sierra, El;Total;Total;Extranjero;0
19070 Casa de Uceda;Total;Total;Misma provincia;4
19070 Casa de Uceda;Total;Total;Misma comunidad autónoma, distinta provincia;0
19070 Casa de Uceda;Total;Total;Otra comunidad autónoma;0
19070 Casa de Uceda;Total;Total;Extranjero;0
19071 Casar, El;Total;Total;Misma provincia;96
19071 Casar, El;Total;Total;Misma comunidad autónoma, distinta provincia;21
19071 Casar, El;Total;Total;Otra comunidad autónoma;500
19071 Casar, El;Total;Total;Extranjero;84
19073 Casas de San Galindo;Total;Total;Misma provincia;0
19073 Casas de San Galindo;Total;Total;Misma comunidad autónoma, distinta provincia;2
19073 Casas de San Galindo;Total;Total;Otra comunidad autónoma;0
19073 Casas de San Galindo;Total;Total;Extranjero;0
19074 Caspueñas;Total;Total;Misma provincia;4
19074 Caspueñas;Total;Total;Misma comunidad autónoma, distinta provincia;0
19074 Caspueñas;Total;Total;Otra comunidad autónoma;3
19074 Caspueñas;Total;Total;Extranjero;0
19075 Castejón de Henares;Total;Total;Misma provincia;2
19075 Castejón de Henares;Total;Total;Misma comunidad autónoma, distinta provincia;0
19075 Castejón de Henares;Total;Total;Otra comunidad autónoma;0
19075 Castejón de Henares;Total;Total;Extranjero;0
19076 Castellar de la Muela;Total;Total;Misma provincia;1
19076 Castellar de la Muela;Total;Total;Misma comunidad autónoma, distinta provincia;0
19076 Castellar de la Muela;Total;Total;Otra comunidad autónoma;1
19076 Castellar de la Muela;Total;Total;Extranjero;0
19078 Castilforte;Total;Total;Misma provincia;1
19078 Castilforte;Total;Total;Misma comunidad autónoma, distinta provincia;0
19078 Castilforte;Total;Total;Otra comunidad autónoma;1
19078 Castilforte;Total;Total;Extranjero;0
19079 Castilnuevo;Total;Total;Misma provincia;1
19079 Castilnuevo;Total;Total;Misma comunidad autónoma, distinta provincia;0
19079 Castilnuevo;Total;Total;Otra comunidad autónoma;0
19079 Castilnuevo;Total;Total;Extranjero;0
19080 Cendejas de Enmedio;Total;Total;Misma provincia;2
19080 Cendejas de Enmedio;Total;Total;Misma comunidad autónoma, distinta provincia;0
19080 Cendejas de Enmedio;Total;Total;Otra comunidad autónoma;3
19080 Cendejas de Enmedio;Total;Total;Extranjero;0
19081 Cendejas de la Torre;Total;Total;Misma provincia;1
19081 Cendejas de la Torre;Total;Total;Misma comunidad autónoma, distinta provincia;0
19081 Cendejas de la Torre;Total;Total;Otra comunidad autónoma;0
19081 Cendejas de la Torre;Total;Total;Extranjero;0
19082 Centenera;Total;Total;Misma provincia;0
19082 Centenera;Total;Total;Misma comunidad autónoma, distinta provincia;0
19082 Centenera;Total;Total;Otra comunidad autónoma;2
19082 Centenera;Total;Total;Extranjero;0
19103 Checa;Total;Total;Misma provincia;3
19103 Checa;Total;Total;Misma comunidad autónoma, distinta provincia;1
19103 Checa;Total;Total;Otra comunidad autónoma;6
19103 Checa;Total;Total;Extranjero;0
19104 Chequilla;Total;Total;Misma provincia;0
19104 Chequilla;Total;Total;Misma comunidad autónoma, distinta provincia;0
19104 Chequilla;Total;Total;Otra comunidad autónoma;0
19104 Chequilla;Total;Total;Extranjero;0
19106 Chillarón del Rey;Total;Total;Misma provincia;0
19106 Chillarón del Rey;Total;Total;Misma comunidad autónoma, distinta provincia;0
19106 Chillarón del Rey;Total;Total;Otra comunidad autónoma;5
19106 Chillarón del Rey;Total;Total;Extranjero;0
19105 Chiloeches;Total;Total;Misma provincia;66
19105 Chiloeches;Total;Total;Misma comunidad autónoma, distinta provincia;11
19105 Chiloeches;Total;Total;Otra comunidad autónoma;77
19105 Chiloeches;Total;Total;Extranjero;7
19086 Cifuentes;Total;Total;Misma provincia;25
19086 Cifuentes;Total;Total;Misma comunidad autónoma, distinta provincia;4
19086 Cifuentes;Total;Total;Otra comunidad autónoma;40
19086 Cifuentes;Total;Total;Extranjero;11
19087 Cincovillas;Total;Total;Misma provincia;2
19087 Cincovillas;Total;Total;Misma comunidad autónoma, distinta provincia;0
19087 Cincovillas;Total;Total;Otra comunidad autónoma;0
19087 Cincovillas;Total;Total;Extranjero;0
19088 Ciruelas;Total;Total;Misma provincia;3
19088 Ciruelas;Total;Total;Misma comunidad autónoma, distinta provincia;0
19088 Ciruelas;Total;Total;Otra comunidad autónoma;4
19088 Ciruelas;Total;Total;Extranjero;0
19089 Ciruelos del Pinar;Total;Total;Misma provincia;0
19089 Ciruelos del Pinar;Total;Total;Misma comunidad autónoma, distinta provincia;0
19089 Ciruelos del Pinar;Total;Total;Otra comunidad autónoma;1
19089 Ciruelos del Pinar;Total;Total;Extranjero;0
19090 Cobeta;Total;Total;Misma provincia;0
19090 Cobeta;Total;Total;Misma comunidad autónoma, distinta provincia;0
19090 Cobeta;Total;Total;Otra comunidad autónoma;4
19090 Cobeta;Total;Total;Extranjero;0
19091 Cogollor;Total;Total;Misma provincia;0
19091 Cogollor;Total;Total;Misma comunidad autónoma, distinta provincia;0
19091 Cogollor;Total;Total;Otra comunidad autónoma;0
19091 Cogollor;Total;Total;Extranjero;0
19092 Cogolludo;Total;Total;Misma provincia;11
19092 Cogolludo;Total;Total;Misma comunidad autónoma, distinta provincia;5
19092 Cogolludo;Total;Total;Otra comunidad autónoma;8
19092 Cogolludo;Total;Total;Extranjero;6
19095 Condemios de Abajo;Total;Total;Misma provincia;3
19095 Condemios de Abajo;Total;Total;Misma comunidad autónoma, distinta provincia;0
19095 Condemios de Abajo;Total;Total;Otra comunidad autónoma;0
19095 Condemios de Abajo;Total;Total;Extranjero;0
19096 Condemios de Arriba;Total;Total;Misma provincia;3
19096 Condemios de Arriba;Total;Total;Misma comunidad autónoma, distinta provincia;0
19096 Condemios de Arriba;Total;Total;Otra comunidad autónoma;5
19096 Condemios de Arriba;Total;Total;Extranjero;0
19097 Congostrina;Total;Total;Misma provincia;0
19097 Congostrina;Total;Total;Misma comunidad autónoma, distinta provincia;0
19097 Congostrina;Total;Total;Otra comunidad autónoma;1
19097 Congostrina;Total;Total;Extranjero;0
19098 Copernal;Total;Total;Misma provincia;2
19098 Copernal;Total;Total;Misma comunidad autónoma, distinta provincia;0
19098 Copernal;Total;Total;Otra comunidad autónoma;1
19098 Copernal;Total;Total;Extranjero;0
19099 Corduente;Total;Total;Misma provincia;8
19099 Corduente;Total;Total;Misma comunidad autónoma, distinta provincia;1
19099 Corduente;Total;Total;Otra comunidad autónoma;11
19099 Corduente;Total;Total;Extranjero;0
19102 Cubillo de Uceda, El;Total;Total;Misma provincia;3
19102 Cubillo de Uceda, El;Total;Total;Misma comunidad autónoma, distinta provincia;0
19102 Cubillo de Uceda, El;Total;Total;Otra comunidad autónoma;0
19102 Cubillo de Uceda, El;Total;Total;Extranjero;1
19107 Driebes;Total;Total;Misma provincia;15
19107 Driebes;Total;Total;Misma comunidad autónoma, distinta provincia;0
19107 Driebes;Total;Total;Otra comunidad autónoma;5
19107 Driebes;Total;Total;Extranjero;0
19108 Durón;Total;Total;Misma provincia;0
19108 Durón;Total;Total;Misma comunidad autónoma, distinta provincia;0
19108 Durón;Total;Total;Otra comunidad autónoma;0
19108 Durón;Total;Total;Extranjero;0
19109 Embid;Total;Total;Misma provincia;0
19109 Embid;Total;Total;Misma comunidad autónoma, distinta provincia;0
19109 Embid;Total;Total;Otra comunidad autónoma;3
19109 Embid;Total;Total;Extranjero;0
19110 Escamilla;Total;Total;Misma provincia;0
19110 Escamilla;Total;Total;Misma comunidad autónoma, distinta provincia;0
19110 Escamilla;Total;Total;Otra comunidad autónoma;1
19110 Escamilla;Total;Total;Extranjero;0
19111 Escariche;Total;Total;Misma provincia;2
19111 Escariche;Total;Total;Misma comunidad autónoma, distinta provincia;0
19111 Escariche;Total;Total;Otra comunidad autónoma;3
19111 Escariche;Total;Total;Extranjero;0
19112 Escopete;Total;Total;Misma provincia;0
19112 Escopete;Total;Total;Misma comunidad autónoma, distinta provincia;0
19112 Escopete;Total;Total;Otra comunidad autónoma;0
19112 Escopete;Total;Total;Extranjero;0
19113 Espinosa de Henares;Total;Total;Misma provincia;19
19113 Espinosa de Henares;Total;Total;Misma comunidad autónoma, distinta provincia;0
19113 Espinosa de Henares;Total;Total;Otra comunidad autónoma;3
19113 Espinosa de Henares;Total;Total;Extranjero;0
19114 Esplegares;Total;Total;Misma provincia;0
19114 Esplegares;Total;Total;Misma comunidad autónoma, distinta provincia;0
19114 Esplegares;Total;Total;Otra comunidad autónoma;0
19114 Esplegares;Total;Total;Extranjero;0
19115 Establés;Total;Total;Misma provincia;0
19115 Establés;Total;Total;Misma comunidad autónoma, distinta provincia;0
19115 Establés;Total;Total;Otra comunidad autónoma;5
19115 Establés;Total;Total;Extranjero;0
19116 Estriégana;Total;Total;Misma provincia;1
19116 Estriégana;Total;Total;Misma comunidad autónoma, distinta provincia;0
19116 Estriégana;Total;Total;Otra comunidad autónoma;2
19116 Estriégana;Total;Total;Extranjero;0
19117 Fontanar;Total;Total;Misma provincia;104
19117 Fontanar;Total;Total;Misma comunidad autónoma, distinta provincia;2
19117 Fontanar;Total;Total;Otra comunidad autónoma;19
19117 Fontanar;Total;Total;Extranjero;16
19118 Fuembellida;Total;Total;Misma provincia;0
19118 Fuembellida;Total;Total;Misma comunidad autónoma, distinta provincia;0
19118 Fuembellida;Total;Total;Otra comunidad autónoma;1
19118 Fuembellida;Total;Total;Extranjero;0
19119 Fuencemillán;Total;Total;Misma provincia;1
19119 Fuencemillán;Total;Total;Misma comunidad autónoma, distinta provincia;0
19119 Fuencemillán;Total;Total;Otra comunidad autónoma;0
19119 Fuencemillán;Total;Total;Extranjero;1
19120 Fuentelahiguera de Albatages;Total;Total;Misma provincia;4
19120 Fuentelahiguera de Albatages;Total;Total;Misma comunidad autónoma, distinta provincia;0
19120 Fuentelahiguera de Albatages;Total;Total;Otra comunidad autónoma;0
19120 Fuentelahiguera de Albatages;Total;Total;Extranjero;0
19121 Fuentelencina;Total;Total;Misma provincia;9
19121 Fuentelencina;Total;Total;Misma comunidad autónoma, distinta provincia;1
19121 Fuentelencina;Total;Total;Otra comunidad autónoma;5
19121 Fuentelencina;Total;Total;Extranjero;0
19122 Fuentelsaz;Total;Total;Misma provincia;0
19122 Fuentelsaz;Total;Total;Misma comunidad autónoma, distinta provincia;0
19122 Fuentelsaz;Total;Total;Otra comunidad autónoma;0
19122 Fuentelsaz;Total;Total;Extranjero;6
19123 Fuentelviejo;Total;Total;Misma provincia;0
19123 Fuentelviejo;Total;Total;Misma comunidad autónoma, distinta provincia;0
19123 Fuentelviejo;Total;Total;Otra comunidad autónoma;2
19123 Fuentelviejo;Total;Total;Extranjero;0
19124 Fuentenovilla;Total;Total;Misma provincia;13
19124 Fuentenovilla;Total;Total;Misma comunidad autónoma, distinta provincia;1
19124 Fuentenovilla;Total;Total;Otra comunidad autónoma;8
19124 Fuentenovilla;Total;Total;Extranjero;0
19125 Gajanejos;Total;Total;Misma provincia;2
19125 Gajanejos;Total;Total;Misma comunidad autónoma, distinta provincia;0
19125 Gajanejos;Total;Total;Otra comunidad autónoma;2
19125 Gajanejos;Total;Total;Extranjero;0
19126 Galápagos;Total;Total;Misma provincia;63
19126 Galápagos;Total;Total;Misma comunidad autónoma, distinta provincia;0
19126 Galápagos;Total;Total;Otra comunidad autónoma;67
19126 Galápagos;Total;Total;Extranjero;4
19127 Galve de Sorbe;Total;Total;Misma provincia;4
19127 Galve de Sorbe;Total;Total;Misma comunidad autónoma, distinta provincia;0
19127 Galve de Sorbe;Total;Total;Otra comunidad autónoma;13
19127 Galve de Sorbe;Total;Total;Extranjero;0
19129 Gascueña de Bornova;Total;Total;Misma provincia;0
19129 Gascueña de Bornova;Total;Total;Misma comunidad autónoma, distinta provincia;0
19129 Gascueña de Bornova;Total;Total;Otra comunidad autónoma;0
19129 Gascueña de Bornova;Total;Total;Extranjero;0
19130 Guadalajara;Total;Total;Misma provincia;1.685
19130 Guadalajara;Total;Total;Misma comunidad autónoma, distinta provincia;161
19130 Guadalajara;Total;Total;Otra comunidad autónoma;1.547
19130 Guadalajara;Total;Total;Extranjero;313
19132 Henche;Total;Total;Misma provincia;5
19132 Henche;Total;Total;Misma comunidad autónoma, distinta provincia;0
19132 Henche;Total;Total;Otra comunidad autónoma;4
19132 Henche;Total;Total;Extranjero;0
19133 Heras de Ayuso;Total;Total;Misma provincia;8
19133 Heras de Ayuso;Total;Total;Misma comunidad autónoma, distinta provincia;0
19133 Heras de Ayuso;Total;Total;Otra comunidad autónoma;13
19133 Heras de Ayuso;Total;Total;Extranjero;0
19134 Herrería;Total;Total;Misma provincia;0
19134 Herrería;Total;Total;Misma comunidad autónoma, distinta provincia;0
19134 Herrería;Total;Total;Otra comunidad autónoma;1
19134 Herrería;Total;Total;Extranjero;0
19135 Hiendelaencina;Total;Total;Misma provincia;3
19135 Hiendelaencina;Total;Total;Misma comunidad autónoma, distinta provincia;0
19135 Hiendelaencina;Total;Total;Otra comunidad autónoma;3
19135 Hiendelaencina;Total;Total;Extranjero;0
19136 Hijes;Total;Total;Misma provincia;0
19136 Hijes;Total;Total;Misma comunidad autónoma, distinta provincia;0
19136 Hijes;Total;Total;Otra comunidad autónoma;0
19136 Hijes;Total;Total;Extranjero;0
19138 Hita;Total;Total;Misma provincia;26
19138 Hita;Total;Total;Misma comunidad autónoma, distinta provincia;1
19138 Hita;Total;Total;Otra comunidad autónoma;10
19138 Hita;Total;Total;Extranjero;0
19139 Hombrados;Total;Total;Misma provincia;0
19139 Hombrados;Total;Total;Misma comunidad autónoma, distinta provincia;0
19139 Hombrados;Total;Total;Otra comunidad autónoma;0
19139 Hombrados;Total;Total;Extranjero;0
19142 Hontoba;Total;Total;Misma provincia;13
19142 Hontoba;Total;Total;Misma comunidad autónoma, distinta provincia;2
19142 Hontoba;Total;Total;Otra comunidad autónoma;14
19142 Hontoba;Total;Total;Extranjero;4
19143 Horche;Total;Total;Misma provincia;65
19143 Horche;Total;Total;Misma comunidad autónoma, distinta provincia;6
19143 Horche;Total;Total;Otra comunidad autónoma;49
19143 Horche;Total;Total;Extranjero;26
19145 Hortezuela de Océn;Total;Total;Misma provincia;0
19145 Hortezuela de Océn;Total;Total;Misma comunidad autónoma, distinta provincia;0
19145 Hortezuela de Océn;Total;Total;Otra comunidad autónoma;0
19145 Hortezuela de Océn;Total;Total;Extranjero;0
19146 Huerce, La;Total;Total;Misma provincia;0
19146 Huerce, La;Total;Total;Misma comunidad autónoma, distinta provincia;0
19146 Huerce, La;Total;Total;Otra comunidad autónoma;4
19146 Huerce, La;Total;Total;Extranjero;0
19147 Huérmeces del Cerro;Total;Total;Misma provincia;0
19147 Huérmeces del Cerro;Total;Total;Misma comunidad autónoma, distinta provincia;0
19147 Huérmeces del Cerro;Total;Total;Otra comunidad autónoma;0
19147 Huérmeces del Cerro;Total;Total;Extranjero;0
19148 Huertahernando;Total;Total;Misma provincia;1
19148 Huertahernando;Total;Total;Misma comunidad autónoma, distinta provincia;0
19148 Huertahernando;Total;Total;Otra comunidad autónoma;0
19148 Huertahernando;Total;Total;Extranjero;0
19150 Hueva;Total;Total;Misma provincia;6
19150 Hueva;Total;Total;Misma comunidad autónoma, distinta provincia;0
19150 Hueva;Total;Total;Otra comunidad autónoma;2
19150 Hueva;Total;Total;Extranjero;0
19151 Humanes;Total;Total;Misma provincia;27
19151 Humanes;Total;Total;Misma comunidad autónoma, distinta provincia;4
19151 Humanes;Total;Total;Otra comunidad autónoma;37
19151 Humanes;Total;Total;Extranjero;2
19152 Illana;Total;Total;Misma provincia;4
19152 Illana;Total;Total;Misma comunidad autónoma, distinta provincia;7
19152 Illana;Total;Total;Otra comunidad autónoma;32
19152 Illana;Total;Total;Extranjero;3
19153 Iniéstola;Total;Total;Misma provincia;0
19153 Iniéstola;Total;Total;Misma comunidad autónoma, distinta provincia;0
19153 Iniéstola;Total;Total;Otra comunidad autónoma;1
19153 Iniéstola;Total;Total;Extranjero;0
19154 Inviernas, Las;Total;Total;Misma provincia;1
19154 Inviernas, Las;Total;Total;Misma comunidad autónoma, distinta provincia;0
19154 Inviernas, Las;Total;Total;Otra comunidad autónoma;0
19154 Inviernas, Las;Total;Total;Extranjero;0
19155 Irueste;Total;Total;Misma provincia;1
19155 Irueste;Total;Total;Misma comunidad autónoma, distinta provincia;0
19155 Irueste;Total;Total;Otra comunidad autónoma;0
19155 Irueste;Total;Total;Extranjero;0
19156 Jadraque;Total;Total;Misma provincia;11
19156 Jadraque;Total;Total;Misma comunidad autónoma, distinta provincia;0
19156 Jadraque;Total;Total;Otra comunidad autónoma;17
19156 Jadraque;Total;Total;Extranjero;15
19157 Jirueque;Total;Total;Misma provincia;1
19157 Jirueque;Total;Total;Misma comunidad autónoma, distinta provincia;0
19157 Jirueque;Total;Total;Otra comunidad autónoma;2
19157 Jirueque;Total;Total;Extranjero;0
19159 Ledanca;Total;Total;Misma provincia;1
19159 Ledanca;Total;Total;Misma comunidad autónoma, distinta provincia;0
19159 Ledanca;Total;Total;Otra comunidad autónoma;4
19159 Ledanca;Total;Total;Extranjero;0
19160 Loranca de Tajuña;Total;Total;Misma provincia;28
19160 Loranca de Tajuña;Total;Total;Misma comunidad autónoma, distinta provincia;1
19160 Loranca de Tajuña;Total;Total;Otra comunidad autónoma;48
19160 Loranca de Tajuña;Total;Total;Extranjero;1
19161 Lupiana;Total;Total;Misma provincia;8
19161 Lupiana;Total;Total;Misma comunidad autónoma, distinta provincia;0
19161 Lupiana;Total;Total;Otra comunidad autónoma;1
19161 Lupiana;Total;Total;Extranjero;0
19162 Luzaga;Total;Total;Misma provincia;2
19162 Luzaga;Total;Total;Misma comunidad autónoma, distinta provincia;0
19162 Luzaga;Total;Total;Otra comunidad autónoma;2
19162 Luzaga;Total;Total;Extranjero;0
19163 Luzón;Total;Total;Misma provincia;2
19163 Luzón;Total;Total;Misma comunidad autónoma, distinta provincia;0
19163 Luzón;Total;Total;Otra comunidad autónoma;2
19163 Luzón;Total;Total;Extranjero;0
19165 Majaelrayo;Total;Total;Misma provincia;0
19165 Majaelrayo;Total;Total;Misma comunidad autónoma, distinta provincia;0
19165 Majaelrayo;Total;Total;Otra comunidad autónoma;3
19165 Majaelrayo;Total;Total;Extranjero;0
19166 Málaga del Fresno;Total;Total;Misma provincia;6
19166 Málaga del Fresno;Total;Total;Misma comunidad autónoma, distinta provincia;0
19166 Málaga del Fresno;Total;Total;Otra comunidad autónoma;2
19166 Málaga del Fresno;Total;Total;Extranjero;0
19167 Malaguilla;Total;Total;Misma provincia;5
19167 Malaguilla;Total;Total;Misma comunidad autónoma, distinta provincia;0
19167 Malaguilla;Total;Total;Otra comunidad autónoma;2
19167 Malaguilla;Total;Total;Extranjero;0
19168 Mandayona;Total;Total;Misma provincia;1
19168 Mandayona;Total;Total;Misma comunidad autónoma, distinta provincia;0
19168 Mandayona;Total;Total;Otra comunidad autónoma;3
19168 Mandayona;Total;Total;Extranjero;0
19169 Mantiel;Total;Total;Misma provincia;0
19169 Mantiel;Total;Total;Misma comunidad autónoma, distinta provincia;0
19169 Mantiel;Total;Total;Otra comunidad autónoma;4
19169 Mantiel;Total;Total;Extranjero;0
19170 Maranchón;Total;Total;Misma provincia;6
19170 Maranchón;Total;Total;Misma comunidad autónoma, distinta provincia;0
19170 Maranchón;Total;Total;Otra comunidad autónoma;11
19170 Maranchón;Total;Total;Extranjero;4
19171 Marchamalo;Total;Total;Misma provincia;174
19171 Marchamalo;Total;Total;Misma comunidad autónoma, distinta provincia;6
19171 Marchamalo;Total;Total;Otra comunidad autónoma;85
19171 Marchamalo;Total;Total;Extranjero;36
19172 Masegoso de Tajuña;Total;Total;Misma provincia;0
19172 Masegoso de Tajuña;Total;Total;Misma comunidad autónoma, distinta provincia;0
19172 Masegoso de Tajuña;Total;Total;Otra comunidad autónoma;0
19172 Masegoso de Tajuña;Total;Total;Extranjero;0
19173 Matarrubia;Total;Total;Misma provincia;1
19173 Matarrubia;Total;Total;Misma comunidad autónoma, distinta provincia;0
19173 Matarrubia;Total;Total;Otra comunidad autónoma;0
19173 Matarrubia;Total;Total;Extranjero;0
19174 Matillas;Total;Total;Misma provincia;1
19174 Matillas;Total;Total;Misma comunidad autónoma, distinta provincia;0
19174 Matillas;Total;Total;Otra comunidad autónoma;2
19174 Matillas;Total;Total;Extranjero;0
19175 Mazarete;Total;Total;Misma provincia;0
19175 Mazarete;Total;Total;Misma comunidad autónoma, distinta provincia;0
19175 Mazarete;Total;Total;Otra comunidad autónoma;1
19175 Mazarete;Total;Total;Extranjero;0
19176 Mazuecos;Total;Total;Misma provincia;5
19176 Mazuecos;Total;Total;Misma comunidad autónoma, distinta provincia;0
19176 Mazuecos;Total;Total;Otra comunidad autónoma;8
19176 Mazuecos;Total;Total;Extranjero;0
19177 Medranda;Total;Total;Misma provincia;6
19177 Medranda;Total;Total;Misma comunidad autónoma, distinta provincia;0
19177 Medranda;Total;Total;Otra comunidad autónoma;0
19177 Medranda;Total;Total;Extranjero;0
19178 Megina;Total;Total;Misma provincia;0
19178 Megina;Total;Total;Misma comunidad autónoma, distinta provincia;0
19178 Megina;Total;Total;Otra comunidad autónoma;2
19178 Megina;Total;Total;Extranjero;0
19179 Membrillera;Total;Total;Misma provincia;0
19179 Membrillera;Total;Total;Misma comunidad autónoma, distinta provincia;0
19179 Membrillera;Total;Total;Otra comunidad autónoma;1
19179 Membrillera;Total;Total;Extranjero;0
19181 Miedes de Atienza;Total;Total;Misma provincia;0
19181 Miedes de Atienza;Total;Total;Misma comunidad autónoma, distinta provincia;0
19181 Miedes de Atienza;Total;Total;Otra comunidad autónoma;0
19181 Miedes de Atienza;Total;Total;Extranjero;0
19182 Mierla, La;Total;Total;Misma provincia;0
19182 Mierla, La;Total;Total;Misma comunidad autónoma, distinta provincia;0
19182 Mierla, La;Total;Total;Otra comunidad autónoma;1
19182 Mierla, La;Total;Total;Extranjero;0
19184 Millana;Total;Total;Misma provincia;5
19184 Millana;Total;Total;Misma comunidad autónoma, distinta provincia;1
19184 Millana;Total;Total;Otra comunidad autónoma;0
19184 Millana;Total;Total;Extranjero;0
19183 Milmarcos;Total;Total;Misma provincia;0
19183 Milmarcos;Total;Total;Misma comunidad autónoma, distinta provincia;0
19183 Milmarcos;Total;Total;Otra comunidad autónoma;6
19183 Milmarcos;Total;Total;Extranjero;0
19185 Miñosa, La;Total;Total;Misma provincia;0
19185 Miñosa, La;Total;Total;Misma comunidad autónoma, distinta provincia;0
19185 Miñosa, La;Total;Total;Otra comunidad autónoma;1
19185 Miñosa, La;Total;Total;Extranjero;0
19186 Mirabueno;Total;Total;Misma provincia;3
19186 Mirabueno;Total;Total;Misma comunidad autónoma, distinta provincia;0
19186 Mirabueno;Total;Total;Otra comunidad autónoma;0
19186 Mirabueno;Total;Total;Extranjero;0
19187 Miralrío;Total;Total;Misma provincia;0
19187 Miralrío;Total;Total;Misma comunidad autónoma, distinta provincia;0
19187 Miralrío;Total;Total;Otra comunidad autónoma;0
19187 Miralrío;Total;Total;Extranjero;0
19188 Mochales;Total;Total;Misma provincia;0
19188 Mochales;Total;Total;Misma comunidad autónoma, distinta provincia;0
19188 Mochales;Total;Total;Otra comunidad autónoma;1
19188 Mochales;Total;Total;Extranjero;0
19189 Mohernando;Total;Total;Misma provincia;12
19189 Mohernando;Total;Total;Misma comunidad autónoma, distinta provincia;0
19189 Mohernando;Total;Total;Otra comunidad autónoma;6
19189 Mohernando;Total;Total;Extranjero;0
19190 Molina de Aragón;Total;Total;Misma provincia;38
19190 Molina de Aragón;Total;Total;Misma comunidad autónoma, distinta provincia;8
19190 Molina de Aragón;Total;Total;Otra comunidad autónoma;82
19190 Molina de Aragón;Total;Total;Extranjero;5
19191 Monasterio;Total;Total;Misma provincia;0
19191 Monasterio;Total;Total;Misma comunidad autónoma, distinta provincia;0
19191 Monasterio;Total;Total;Otra comunidad autónoma;1
19191 Monasterio;Total;Total;Extranjero;0
19192 Mondéjar;Total;Total;Misma provincia;38
19192 Mondéjar;Total;Total;Misma comunidad autónoma, distinta provincia;5
19192 Mondéjar;Total;Total;Otra comunidad autónoma;59
19192 Mondéjar;Total;Total;Extranjero;2
19193 Montarrón;Total;Total;Misma provincia;1
19193 Montarrón;Total;Total;Misma comunidad autónoma, distinta provincia;0
19193 Montarrón;Total;Total;Otra comunidad autónoma;0
19193 Montarrón;Total;Total;Extranjero;0
19194 Moratilla de los Meleros;Total;Total;Misma provincia;1
19194 Moratilla de los Meleros;Total;Total;Misma comunidad autónoma, distinta provincia;0
19194 Moratilla de los Meleros;Total;Total;Otra comunidad autónoma;1
19194 Moratilla de los Meleros;Total;Total;Extranjero;0
19195 Morenilla;Total;Total;Misma provincia;0
19195 Morenilla;Total;Total;Misma comunidad autónoma, distinta provincia;0
19195 Morenilla;Total;Total;Otra comunidad autónoma;0
19195 Morenilla;Total;Total;Extranjero;0
19196 Muduex;Total;Total;Misma provincia;3
19196 Muduex;Total;Total;Misma comunidad autónoma, distinta provincia;0
19196 Muduex;Total;Total;Otra comunidad autónoma;0
19196 Muduex;Total;Total;Extranjero;0
19197 Navas de Jadraque, Las;Total;Total;Misma provincia;0
19197 Navas de Jadraque, Las;Total;Total;Misma comunidad autónoma, distinta provincia;0
19197 Navas de Jadraque, Las;Total;Total;Otra comunidad autónoma;0
19197 Navas de Jadraque, Las;Total;Total;Extranjero;0
19198 Negredo;Total;Total;Misma provincia;0
19198 Negredo;Total;Total;Misma comunidad autónoma, distinta provincia;0
19198 Negredo;Total;Total;Otra comunidad autónoma;0
19198 Negredo;Total;Total;Extranjero;0
19199 Ocentejo;Total;Total;Misma provincia;0
19199 Ocentejo;Total;Total;Misma comunidad autónoma, distinta provincia;0
19199 Ocentejo;Total;Total;Otra comunidad autónoma;2
19199 Ocentejo;Total;Total;Extranjero;0
19200 Olivar, El;Total;Total;Misma provincia;1
19200 Olivar, El;Total;Total;Misma comunidad autónoma, distinta provincia;0
19200 Olivar, El;Total;Total;Otra comunidad autónoma;1
19200 Olivar, El;Total;Total;Extranjero;0
19201 Olmeda de Cobeta;Total;Total;Misma provincia;4
19201 Olmeda de Cobeta;Total;Total;Misma comunidad autónoma, distinta provincia;0
19201 Olmeda de Cobeta;Total;Total;Otra comunidad autónoma;1
19201 Olmeda de Cobeta;Total;Total;Extranjero;0
19202 Olmeda de Jadraque, La;Total;Total;Misma provincia;1
19202 Olmeda de Jadraque, La;Total;Total;Misma comunidad autónoma, distinta provincia;0
19202 Olmeda de Jadraque, La;Total;Total;Otra comunidad autónoma;1
19202 Olmeda de Jadraque, La;Total;Total;Extranjero;0
19203 Ordial, El;Total;Total;Misma provincia;0
19203 Ordial, El;Total;Total;Misma comunidad autónoma, distinta provincia;0
19203 Ordial, El;Total;Total;Otra comunidad autónoma;1
19203 Ordial, El;Total;Total;Extranjero;0
19204 Orea;Total;Total;Misma provincia;3
19204 Orea;Total;Total;Misma comunidad autónoma, distinta provincia;0
19204 Orea;Total;Total;Otra comunidad autónoma;4
19204 Orea;Total;Total;Extranjero;1
19208 Pálmaces de Jadraque;Total;Total;Misma provincia;0
19208 Pálmaces de Jadraque;Total;Total;Misma comunidad autónoma, distinta provincia;0
19208 Pálmaces de Jadraque;Total;Total;Otra comunidad autónoma;0
19208 Pálmaces de Jadraque;Total;Total;Extranjero;0
19209 Pardos;Total;Total;Misma provincia;0
19209 Pardos;Total;Total;Misma comunidad autónoma, distinta provincia;0
19209 Pardos;Total;Total;Otra comunidad autónoma;2
19209 Pardos;Total;Total;Extranjero;0
19210 Paredes de Sigüenza;Total;Total;Misma provincia;0
19210 Paredes de Sigüenza;Total;Total;Misma comunidad autónoma, distinta provincia;0
19210 Paredes de Sigüenza;Total;Total;Otra comunidad autónoma;0
19210 Paredes de Sigüenza;Total;Total;Extranjero;0
19211 Pareja;Total;Total;Misma provincia;8
19211 Pareja;Total;Total;Misma comunidad autónoma, distinta provincia;1
19211 Pareja;Total;Total;Otra comunidad autónoma;13
19211 Pareja;Total;Total;Extranjero;0
19212 Pastrana;Total;Total;Misma provincia;19
19212 Pastrana;Total;Total;Misma comunidad autónoma, distinta provincia;2
19212 Pastrana;Total;Total;Otra comunidad autónoma;21
19212 Pastrana;Total;Total;Extranjero;0
19213 Pedregal, El;Total;Total;Misma provincia;1
19213 Pedregal, El;Total;Total;Misma comunidad autónoma, distinta provincia;0
19213 Pedregal, El;Total;Total;Otra comunidad autónoma;2
19213 Pedregal, El;Total;Total;Extranjero;0
19214 Peñalén;Total;Total;Misma provincia;1
19214 Peñalén;Total;Total;Misma comunidad autónoma, distinta provincia;0
19214 Peñalén;Total;Total;Otra comunidad autónoma;1
19214 Peñalén;Total;Total;Extranjero;0
19215 Peñalver;Total;Total;Misma provincia;7
19215 Peñalver;Total;Total;Misma comunidad autónoma, distinta provincia;1
19215 Peñalver;Total;Total;Otra comunidad autónoma;5
19215 Peñalver;Total;Total;Extranjero;0
19216 Peralejos de las Truchas;Total;Total;Misma provincia;3
19216 Peralejos de las Truchas;Total;Total;Misma comunidad autónoma, distinta provincia;1
19216 Peralejos de las Truchas;Total;Total;Otra comunidad autónoma;7
19216 Peralejos de las Truchas;Total;Total;Extranjero;0
19217 Peralveche;Total;Total;Misma provincia;3
19217 Peralveche;Total;Total;Misma comunidad autónoma, distinta provincia;0
19217 Peralveche;Total;Total;Otra comunidad autónoma;2
19217 Peralveche;Total;Total;Extranjero;0
19218 Pinilla de Jadraque;Total;Total;Misma provincia;0
19218 Pinilla de Jadraque;Total;Total;Misma comunidad autónoma, distinta provincia;0
19218 Pinilla de Jadraque;Total;Total;Otra comunidad autónoma;0
19218 Pinilla de Jadraque;Total;Total;Extranjero;0
19219 Pinilla de Molina;Total;Total;Misma provincia;0
19219 Pinilla de Molina;Total;Total;Misma comunidad autónoma, distinta provincia;0
19219 Pinilla de Molina;Total;Total;Otra comunidad autónoma;0
19219 Pinilla de Molina;Total;Total;Extranjero;0
19220 Pioz;Total;Total;Misma provincia;103
19220 Pioz;Total;Total;Misma comunidad autónoma, distinta provincia;14
19220 Pioz;Total;Total;Otra comunidad autónoma;276
19220 Pioz;Total;Total;Extranjero;18
19221 Piqueras;Total;Total;Misma provincia;6
19221 Piqueras;Total;Total;Misma comunidad autónoma, distinta provincia;0
19221 Piqueras;Total;Total;Otra comunidad autónoma;3
19221 Piqueras;Total;Total;Extranjero;0
19222 Pobo de Dueñas, El;Total;Total;Misma provincia;0
19222 Pobo de Dueñas, El;Total;Total;Misma comunidad autónoma, distinta provincia;0
19222 Pobo de Dueñas, El;Total;Total;Otra comunidad autónoma;5
19222 Pobo de Dueñas, El;Total;Total;Extranjero;0
19223 Poveda de la Sierra;Total;Total;Misma provincia;3
19223 Poveda de la Sierra;Total;Total;Misma comunidad autónoma, distinta provincia;1
19223 Poveda de la Sierra;Total;Total;Otra comunidad autónoma;0
19223 Poveda de la Sierra;Total;Total;Extranjero;0
19224 Pozo de Almoguera;Total;Total;Misma provincia;0
19224 Pozo de Almoguera;Total;Total;Misma comunidad autónoma, distinta provincia;0
19224 Pozo de Almoguera;Total;Total;Otra comunidad autónoma;2
19224 Pozo de Almoguera;Total;Total;Extranjero;0
19225 Pozo de Guadalajara;Total;Total;Misma provincia;19
19225 Pozo de Guadalajara;Total;Total;Misma comunidad autónoma, distinta provincia;0
19225 Pozo de Guadalajara;Total;Total;Otra comunidad autónoma;68
19225 Pozo de Guadalajara;Total;Total;Extranjero;5
19226 Prádena de Atienza;Total;Total;Misma provincia;8
19226 Prádena de Atienza;Total;Total;Misma comunidad autónoma, distinta provincia;0
19226 Prádena de Atienza;Total;Total;Otra comunidad autónoma;1
19226 Prádena de Atienza;Total;Total;Extranjero;3
19227 Prados Redondos;Total;Total;Misma provincia;1
19227 Prados Redondos;Total;Total;Misma comunidad autónoma, distinta provincia;0
19227 Prados Redondos;Total;Total;Otra comunidad autónoma;3
19227 Prados Redondos;Total;Total;Extranjero;0
19228 Puebla de Beleña;Total;Total;Misma provincia;8
19228 Puebla de Beleña;Total;Total;Misma comunidad autónoma, distinta provincia;0
19228 Puebla de Beleña;Total;Total;Otra comunidad autónoma;8
19228 Puebla de Beleña;Total;Total;Extranjero;0
19229 Puebla de Valles;Total;Total;Misma provincia;1
19229 Puebla de Valles;Total;Total;Misma comunidad autónoma, distinta provincia;0
19229 Puebla de Valles;Total;Total;Otra comunidad autónoma;2
19229 Puebla de Valles;Total;Total;Extranjero;0
19230 Quer;Total;Total;Misma provincia;12
19230 Quer;Total;Total;Misma comunidad autónoma, distinta provincia;0
19230 Quer;Total;Total;Otra comunidad autónoma;14
19230 Quer;Total;Total;Extranjero;2
19231 Rebollosa de Jadraque;Total;Total;Misma provincia;0
19231 Rebollosa de Jadraque;Total;Total;Misma comunidad autónoma, distinta provincia;0
19231 Rebollosa de Jadraque;Total;Total;Otra comunidad autónoma;0
19231 Rebollosa de Jadraque;Total;Total;Extranjero;0
19232 Recuenco, El;Total;Total;Misma provincia;0
19232 Recuenco, El;Total;Total;Misma comunidad autónoma, distinta provincia;0
19232 Recuenco, El;Total;Total;Otra comunidad autónoma;2
19232 Recuenco, El;Total;Total;Extranjero;0
19233 Renera;Total;Total;Misma provincia;2
19233 Renera;Total;Total;Misma comunidad autónoma, distinta provincia;0
19233 Renera;Total;Total;Otra comunidad autónoma;1
19233 Renera;Total;Total;Extranjero;0
19234 Retiendas;Total;Total;Misma provincia;2
19234 Retiendas;Total;Total;Misma comunidad autónoma, distinta provincia;0
19234 Retiendas;Total;Total;Otra comunidad autónoma;0
19234 Retiendas;Total;Total;Extranjero;0
19235 Riba de Saelices;Total;Total;Misma provincia;4
19235 Riba de Saelices;Total;Total;Misma comunidad autónoma, distinta provincia;0
19235 Riba de Saelices;Total;Total;Otra comunidad autónoma;0
19235 Riba de Saelices;Total;Total;Extranjero;0
19237 Rillo de Gallo;Total;Total;Misma provincia;0
19237 Rillo de Gallo;Total;Total;Misma comunidad autónoma, distinta provincia;0
19237 Rillo de Gallo;Total;Total;Otra comunidad autónoma;1
19237 Rillo de Gallo;Total;Total;Extranjero;0
19238 Riofrío del Llano;Total;Total;Misma provincia;6
19238 Riofrío del Llano;Total;Total;Misma comunidad autónoma, distinta provincia;1
19238 Riofrío del Llano;Total;Total;Otra comunidad autónoma;1
19238 Riofrío del Llano;Total;Total;Extranjero;0
19239 Robledillo de Mohernando;Total;Total;Misma provincia;3
19239 Robledillo de Mohernando;Total;Total;Misma comunidad autónoma, distinta provincia;1
19239 Robledillo de Mohernando;Total;Total;Otra comunidad autónoma;5
19239 Robledillo de Mohernando;Total;Total;Extranjero;1
19240 Robledo de Corpes;Total;Total;Misma provincia;1
19240 Robledo de Corpes;Total;Total;Misma comunidad autónoma, distinta provincia;1
19240 Robledo de Corpes;Total;Total;Otra comunidad autónoma;2
19240 Robledo de Corpes;Total;Total;Extranjero;0
19241 Romanillos de Atienza;Total;Total;Misma provincia;1
19241 Romanillos de Atienza;Total;Total;Misma comunidad autónoma, distinta provincia;0
19241 Romanillos de Atienza;Total;Total;Otra comunidad autónoma;0
19241 Romanillos de Atienza;Total;Total;Extranjero;0
19242 Romanones;Total;Total;Misma provincia;0
19242 Romanones;Total;Total;Misma comunidad autónoma, distinta provincia;0
19242 Romanones;Total;Total;Otra comunidad autónoma;1
19242 Romanones;Total;Total;Extranjero;2
19243 Rueda de la Sierra;Total;Total;Misma provincia;0
19243 Rueda de la Sierra;Total;Total;Misma comunidad autónoma, distinta provincia;0
19243 Rueda de la Sierra;Total;Total;Otra comunidad autónoma;1
19243 Rueda de la Sierra;Total;Total;Extranjero;0
19244 Sacecorbo;Total;Total;Misma provincia;0
19244 Sacecorbo;Total;Total;Misma comunidad autónoma, distinta provincia;0
19244 Sacecorbo;Total;Total;Otra comunidad autónoma;3
19244 Sacecorbo;Total;Total;Extranjero;0
19245 Sacedón;Total;Total;Misma provincia;31
19245 Sacedón;Total;Total;Misma comunidad autónoma, distinta provincia;11
19245 Sacedón;Total;Total;Otra comunidad autónoma;22
19245 Sacedón;Total;Total;Extranjero;3
19246 Saelices de la Sal;Total;Total;Misma provincia;2
19246 Saelices de la Sal;Total;Total;Misma comunidad autónoma, distinta provincia;0
19246 Saelices de la Sal;Total;Total;Otra comunidad autónoma;0
19246 Saelices de la Sal;Total;Total;Extranjero;0
19247 Salmerón;Total;Total;Misma provincia;3
19247 Salmerón;Total;Total;Misma comunidad autónoma, distinta provincia;0
19247 Salmerón;Total;Total;Otra comunidad autónoma;0
19247 Salmerón;Total;Total;Extranjero;0
19248 San Andrés del Congosto;Total;Total;Misma provincia;0
19248 San Andrés del Congosto;Total;Total;Misma comunidad autónoma, distinta provincia;0
19248 San Andrés del Congosto;Total;Total;Otra comunidad autónoma;0
19248 San Andrés del Congosto;Total;Total;Extranjero;0
19249 San Andrés del Rey;Total;Total;Misma provincia;2
19249 San Andrés del Rey;Total;Total;Misma comunidad autónoma, distinta provincia;0
19249 San Andrés del Rey;Total;Total;Otra comunidad autónoma;1
19249 San Andrés del Rey;Total;Total;Extranjero;0
19250 Santiuste;Total;Total;Misma provincia;0
19250 Santiuste;Total;Total;Misma comunidad autónoma, distinta provincia;0
19250 Santiuste;Total;Total;Otra comunidad autónoma;1
19250 Santiuste;Total;Total;Extranjero;0
19251 Saúca;Total;Total;Misma provincia;0
19251 Saúca;Total;Total;Misma comunidad autónoma, distinta provincia;0
19251 Saúca;Total;Total;Otra comunidad autónoma;1
19251 Saúca;Total;Total;Extranjero;0
19252 Sayatón;Total;Total;Misma provincia;3
19252 Sayatón;Total;Total;Misma comunidad autónoma, distinta provincia;0
19252 Sayatón;Total;Total;Otra comunidad autónoma;1
19252 Sayatón;Total;Total;Extranjero;0
19254 Selas;Total;Total;Misma provincia;1
19254 Selas;Total;Total;Misma comunidad autónoma, distinta provincia;0
19254 Selas;Total;Total;Otra comunidad autónoma;0
19254 Selas;Total;Total;Extranjero;1
19901 Semillas;Total;Total;Misma provincia;0
19901 Semillas;Total;Total;Misma comunidad autónoma, distinta provincia;0
19901 Semillas;Total;Total;Otra comunidad autónoma;0
19901 Semillas;Total;Total;Extranjero;0
19255 Setiles;Total;Total;Misma provincia;4
19255 Setiles;Total;Total;Misma comunidad autónoma, distinta provincia;0
19255 Setiles;Total;Total;Otra comunidad autónoma;0
19255 Setiles;Total;Total;Extranjero;0
19256 Sienes;Total;Total;Misma provincia;0
19256 Sienes;Total;Total;Misma comunidad autónoma, distinta provincia;0
19256 Sienes;Total;Total;Otra comunidad autónoma;0
19256 Sienes;Total;Total;Extranjero;0
19257 Sigüenza;Total;Total;Misma provincia;98
19257 Sigüenza;Total;Total;Misma comunidad autónoma, distinta provincia;8
19257 Sigüenza;Total;Total;Otra comunidad autónoma;112
19257 Sigüenza;Total;Total;Extranjero;18
19258 Solanillos del Extremo;Total;Total;Misma provincia;3
19258 Solanillos del Extremo;Total;Total;Misma comunidad autónoma, distinta provincia;0
19258 Solanillos del Extremo;Total;Total;Otra comunidad autónoma;0
19258 Solanillos del Extremo;Total;Total;Extranjero;0
19259 Somolinos;Total;Total;Misma provincia;0
19259 Somolinos;Total;Total;Misma comunidad autónoma, distinta provincia;0
19259 Somolinos;Total;Total;Otra comunidad autónoma;0
19259 Somolinos;Total;Total;Extranjero;0
19260 Sotillo, El;Total;Total;Misma provincia;0
19260 Sotillo, El;Total;Total;Misma comunidad autónoma, distinta provincia;0
19260 Sotillo, El;Total;Total;Otra comunidad autónoma;1
19260 Sotillo, El;Total;Total;Extranjero;0
19261 Sotodosos;Total;Total;Misma provincia;2
19261 Sotodosos;Total;Total;Misma comunidad autónoma, distinta provincia;0
19261 Sotodosos;Total;Total;Otra comunidad autónoma;1
19261 Sotodosos;Total;Total;Extranjero;0
19262 Tamajón;Total;Total;Misma provincia;5
19262 Tamajón;Total;Total;Misma comunidad autónoma, distinta provincia;0
19262 Tamajón;Total;Total;Otra comunidad autónoma;8
19262 Tamajón;Total;Total;Extranjero;0
19263 Taragudo;Total;Total;Misma provincia;3
19263 Taragudo;Total;Total;Misma comunidad autónoma, distinta provincia;0
19263 Taragudo;Total;Total;Otra comunidad autónoma;1
19263 Taragudo;Total;Total;Extranjero;0
19264 Taravilla;Total;Total;Misma provincia;1
19264 Taravilla;Total;Total;Misma comunidad autónoma, distinta provincia;0
19264 Taravilla;Total;Total;Otra comunidad autónoma;2
19264 Taravilla;Total;Total;Extranjero;0
19265 Tartanedo;Total;Total;Misma provincia;3
19265 Tartanedo;Total;Total;Misma comunidad autónoma, distinta provincia;1
19265 Tartanedo;Total;Total;Otra comunidad autónoma;2
19265 Tartanedo;Total;Total;Extranjero;0
19266 Tendilla;Total;Total;Misma provincia;7
19266 Tendilla;Total;Total;Misma comunidad autónoma, distinta provincia;0
19266 Tendilla;Total;Total;Otra comunidad autónoma;5
19266 Tendilla;Total;Total;Extranjero;1
19267 Terzaga;Total;Total;Misma provincia;1
19267 Terzaga;Total;Total;Misma comunidad autónoma, distinta provincia;0
19267 Terzaga;Total;Total;Otra comunidad autónoma;1
19267 Terzaga;Total;Total;Extranjero;0
19268 Tierzo;Total;Total;Misma provincia;4
19268 Tierzo;Total;Total;Misma comunidad autónoma, distinta provincia;0
19268 Tierzo;Total;Total;Otra comunidad autónoma;2
19268 Tierzo;Total;Total;Extranjero;0
19269 Toba, La;Total;Total;Misma provincia;3
19269 Toba, La;Total;Total;Misma comunidad autónoma, distinta provincia;0
19269 Toba, La;Total;Total;Otra comunidad autónoma;4
19269 Toba, La;Total;Total;Extranjero;0
19271 Tordellego;Total;Total;Misma provincia;0
19271 Tordellego;Total;Total;Misma comunidad autónoma, distinta provincia;0
19271 Tordellego;Total;Total;Otra comunidad autónoma;3
19271 Tordellego;Total;Total;Extranjero;0
19270 Tordelrábano;Total;Total;Misma provincia;0
19270 Tordelrábano;Total;Total;Misma comunidad autónoma, distinta provincia;0
19270 Tordelrábano;Total;Total;Otra comunidad autónoma;2
19270 Tordelrábano;Total;Total;Extranjero;0
19272 Tordesilos;Total;Total;Misma provincia;2
19272 Tordesilos;Total;Total;Misma comunidad autónoma, distinta provincia;3
19272 Tordesilos;Total;Total;Otra comunidad autónoma;9
19272 Tordesilos;Total;Total;Extranjero;0
19274 Torija;Total;Total;Misma provincia;68
19274 Torija;Total;Total;Misma comunidad autónoma, distinta provincia;5
19274 Torija;Total;Total;Otra comunidad autónoma;38
19274 Torija;Total;Total;Extranjero;7
19279 Torre del Burgo;Total;Total;Misma provincia;17
19279 Torre del Burgo;Total;Total;Misma comunidad autónoma, distinta provincia;0
19279 Torre del Burgo;Total;Total;Otra comunidad autónoma;67
19279 Torre del Burgo;Total;Total;Extranjero;0
19277 Torrecuadrada de Molina;Total;Total;Misma provincia;1
19277 Torrecuadrada de Molina;Total;Total;Misma comunidad autónoma, distinta provincia;0
19277 Torrecuadrada de Molina;Total;Total;Otra comunidad autónoma;0
19277 Torrecuadrada de Molina;Total;Total;Extranjero;0
19278 Torrecuadradilla;Total;Total;Misma provincia;0
19278 Torrecuadradilla;Total;Total;Misma comunidad autónoma, distinta provincia;0
19278 Torrecuadradilla;Total;Total;Otra comunidad autónoma;1
19278 Torrecuadradilla;Total;Total;Extranjero;0
19280 Torrejón del Rey;Total;Total;Misma provincia;92
19280 Torrejón del Rey;Total;Total;Misma comunidad autónoma, distinta provincia;15
19280 Torrejón del Rey;Total;Total;Otra comunidad autónoma;238
19280 Torrejón del Rey;Total;Total;Extranjero;16
19281 Torremocha de Jadraque;Total;Total;Misma provincia;0
19281 Torremocha de Jadraque;Total;Total;Misma comunidad autónoma, distinta provincia;0
19281 Torremocha de Jadraque;Total;Total;Otra comunidad autónoma;1
19281 Torremocha de Jadraque;Total;Total;Extranjero;0
19282 Torremocha del Campo;Total;Total;Misma provincia;1
19282 Torremocha del Campo;Total;Total;Misma comunidad autónoma, distinta provincia;1
19282 Torremocha del Campo;Total;Total;Otra comunidad autónoma;11
19282 Torremocha del Campo;Total;Total;Extranjero;0
19283 Torremocha del Pinar;Total;Total;Misma provincia;1
19283 Torremocha del Pinar;Total;Total;Misma comunidad autónoma, distinta provincia;0
19283 Torremocha del Pinar;Total;Total;Otra comunidad autónoma;0
19283 Torremocha del Pinar;Total;Total;Extranjero;0
19284 Torremochuela;Total;Total;Misma provincia;1
19284 Torremochuela;Total;Total;Misma comunidad autónoma, distinta provincia;0
19284 Torremochuela;Total;Total;Otra comunidad autónoma;0
19284 Torremochuela;Total;Total;Extranjero;0
19285 Torrubia;Total;Total;Misma provincia;0
19285 Torrubia;Total;Total;Misma comunidad autónoma, distinta provincia;0
19285 Torrubia;Total;Total;Otra comunidad autónoma;0
19285 Torrubia;Total;Total;Extranjero;0
19286 Tórtola de Henares;Total;Total;Misma provincia;42
19286 Tórtola de Henares;Total;Total;Misma comunidad autónoma, distinta provincia;0
19286 Tórtola de Henares;Total;Total;Otra comunidad autónoma;16
19286 Tórtola de Henares;Total;Total;Extranjero;2
19287 Tortuera;Total;Total;Misma provincia;2
19287 Tortuera;Total;Total;Misma comunidad autónoma, distinta provincia;2
19287 Tortuera;Total;Total;Otra comunidad autónoma;10
19287 Tortuera;Total;Total;Extranjero;0
19288 Tortuero;Total;Total;Misma provincia;0
19288 Tortuero;Total;Total;Misma comunidad autónoma, distinta provincia;0
19288 Tortuero;Total;Total;Otra comunidad autónoma;0
19288 Tortuero;Total;Total;Extranjero;0
19289 Traíd;Total;Total;Misma provincia;1
19289 Traíd;Total;Total;Misma comunidad autónoma, distinta provincia;0
19289 Traíd;Total;Total;Otra comunidad autónoma;3
19289 Traíd;Total;Total;Extranjero;0
19290 Trijueque;Total;Total;Misma provincia;25
19290 Trijueque;Total;Total;Misma comunidad autónoma, distinta provincia;7
19290 Trijueque;Total;Total;Otra comunidad autónoma;46
19290 Trijueque;Total;Total;Extranjero;2
19291 Trillo;Total;Total;Misma provincia;13
19291 Trillo;Total;Total;Misma comunidad autónoma, distinta provincia;1
19291 Trillo;Total;Total;Otra comunidad autónoma;24
19291 Trillo;Total;Total;Extranjero;1
19293 Uceda;Total;Total;Misma provincia;35
19293 Uceda;Total;Total;Misma comunidad autónoma, distinta provincia;6
19293 Uceda;Total;Total;Otra comunidad autónoma;140
19293 Uceda;Total;Total;Extranjero;13
19294 Ujados;Total;Total;Misma provincia;0
19294 Ujados;Total;Total;Misma comunidad autónoma, distinta provincia;0
19294 Ujados;Total;Total;Otra comunidad autónoma;1
19294 Ujados;Total;Total;Extranjero;0
19296 Utande;Total;Total;Misma provincia;6
19296 Utande;Total;Total;Misma comunidad autónoma, distinta provincia;0
19296 Utande;Total;Total;Otra comunidad autónoma;0
19296 Utande;Total;Total;Extranjero;0
19297 Valdarachas;Total;Total;Misma provincia;0
19297 Valdarachas;Total;Total;Misma comunidad autónoma, distinta provincia;0
19297 Valdarachas;Total;Total;Otra comunidad autónoma;0
19297 Valdarachas;Total;Total;Extranjero;0
19298 Valdearenas;Total;Total;Misma provincia;4
19298 Valdearenas;Total;Total;Misma comunidad autónoma, distinta provincia;0
19298 Valdearenas;Total;Total;Otra comunidad autónoma;2
19298 Valdearenas;Total;Total;Extranjero;0
19299 Valdeavellano;Total;Total;Misma provincia;3
19299 Valdeavellano;Total;Total;Misma comunidad autónoma, distinta provincia;0
19299 Valdeavellano;Total;Total;Otra comunidad autónoma;2
19299 Valdeavellano;Total;Total;Extranjero;0
19300 Valdeaveruelo;Total;Total;Misma provincia;50
19300 Valdeaveruelo;Total;Total;Misma comunidad autónoma, distinta provincia;2
19300 Valdeaveruelo;Total;Total;Otra comunidad autónoma;32
19300 Valdeaveruelo;Total;Total;Extranjero;4
19301 Valdeconcha;Total;Total;Misma provincia;1
19301 Valdeconcha;Total;Total;Misma comunidad autónoma, distinta provincia;0
19301 Valdeconcha;Total;Total;Otra comunidad autónoma;0
19301 Valdeconcha;Total;Total;Extranjero;0
19302 Valdegrudas;Total;Total;Misma provincia;4
19302 Valdegrudas;Total;Total;Misma comunidad autónoma, distinta provincia;0
19302 Valdegrudas;Total;Total;Otra comunidad autónoma;0
19302 Valdegrudas;Total;Total;Extranjero;0
19303 Valdelcubo;Total;Total;Misma provincia;2
19303 Valdelcubo;Total;Total;Misma comunidad autónoma, distinta provincia;0
19303 Valdelcubo;Total;Total;Otra comunidad autónoma;1
19303 Valdelcubo;Total;Total;Extranjero;0
19304 Valdenuño Fernández;Total;Total;Misma provincia;3
19304 Valdenuño Fernández;Total;Total;Misma comunidad autónoma, distinta provincia;0
19304 Valdenuño Fernández;Total;Total;Otra comunidad autónoma;6
19304 Valdenuño Fernández;Total;Total;Extranjero;0
19305 Valdepeñas de la Sierra;Total;Total;Misma provincia;6
19305 Valdepeñas de la Sierra;Total;Total;Misma comunidad autónoma, distinta provincia;1
19305 Valdepeñas de la Sierra;Total;Total;Otra comunidad autónoma;4
19305 Valdepeñas de la Sierra;Total;Total;Extranjero;1
19306 Valderrebollo;Total;Total;Misma provincia;1
19306 Valderrebollo;Total;Total;Misma comunidad autónoma, distinta provincia;0
19306 Valderrebollo;Total;Total;Otra comunidad autónoma;2
19306 Valderrebollo;Total;Total;Extranjero;0
19307 Valdesotos;Total;Total;Misma provincia;1
19307 Valdesotos;Total;Total;Misma comunidad autónoma, distinta provincia;0
19307 Valdesotos;Total;Total;Otra comunidad autónoma;0
19307 Valdesotos;Total;Total;Extranjero;0
19308 Valfermoso de Tajuña;Total;Total;Misma provincia;4
19308 Valfermoso de Tajuña;Total;Total;Misma comunidad autónoma, distinta provincia;0
19308 Valfermoso de Tajuña;Total;Total;Otra comunidad autónoma;1
19308 Valfermoso de Tajuña;Total;Total;Extranjero;0
19309 Valhermoso;Total;Total;Misma provincia;0
19309 Valhermoso;Total;Total;Misma comunidad autónoma, distinta provincia;0
19309 Valhermoso;Total;Total;Otra comunidad autónoma;0
19309 Valhermoso;Total;Total;Extranjero;0
19310 Valtablado del Río;Total;Total;Misma provincia;0
19310 Valtablado del Río;Total;Total;Misma comunidad autónoma, distinta provincia;0
19310 Valtablado del Río;Total;Total;Otra comunidad autónoma;0
19310 Valtablado del Río;Total;Total;Extranjero;0
19311 Valverde de los Arroyos;Total;Total;Misma provincia;2
19311 Valverde de los Arroyos;Total;Total;Misma comunidad autónoma, distinta provincia;0
19311 Valverde de los Arroyos;Total;Total;Otra comunidad autónoma;0
19311 Valverde de los Arroyos;Total;Total;Extranjero;0
19314 Viana de Jadraque;Total;Total;Misma provincia;0
19314 Viana de Jadraque;Total;Total;Misma comunidad autónoma, distinta provincia;0
19314 Viana de Jadraque;Total;Total;Otra comunidad autónoma;3
19314 Viana de Jadraque;Total;Total;Extranjero;0
19317 Villanueva de Alcorón;Total;Total;Misma provincia;7
19317 Villanueva de Alcorón;Total;Total;Misma comunidad autónoma, distinta provincia;0
19317 Villanueva de Alcorón;Total;Total;Otra comunidad autónoma;1
19317 Villanueva de Alcorón;Total;Total;Extranjero;0
19318 Villanueva de Argecilla;Total;Total;Misma provincia;1
19318 Villanueva de Argecilla;Total;Total;Misma comunidad autónoma, distinta provincia;0
19318 Villanueva de Argecilla;Total;Total;Otra comunidad autónoma;0
19318 Villanueva de Argecilla;Total;Total;Extranjero;0
19319 Villanueva de la Torre;Total;Total;Misma provincia;144
19319 Villanueva de la Torre;Total;Total;Misma comunidad autónoma, distinta provincia;4
19319 Villanueva de la Torre;Total;Total;Otra comunidad autónoma;174
19319 Villanueva de la Torre;Total;Total;Extranjero;32
19321 Villares de Jadraque;Total;Total;Misma provincia;0
19321 Villares de Jadraque;Total;Total;Misma comunidad autónoma, distinta provincia;0
19321 Villares de Jadraque;Total;Total;Otra comunidad autónoma;0
19321 Villares de Jadraque;Total;Total;Extranjero;0
19322 Villaseca de Henares;Total;Total;Misma provincia;0
19322 Villaseca de Henares;Total;Total;Misma comunidad autónoma, distinta provincia;0
19322 Villaseca de Henares;Total;Total;Otra comunidad autónoma;0
19322 Villaseca de Henares;Total;Total;Extranjero;0
19323 Villaseca de Uceda;Total;Total;Misma provincia;1
19323 Villaseca de Uceda;Total;Total;Misma comunidad autónoma, distinta provincia;0
19323 Villaseca de Uceda;Total;Total;Otra comunidad autónoma;0
19323 Villaseca de Uceda;Total;Total;Extranjero;0
19324 Villel de Mesa;Total;Total;Misma provincia;1
19324 Villel de Mesa;Total;Total;Misma comunidad autónoma, distinta provincia;0
19324 Villel de Mesa;Total;Total;Otra comunidad autónoma;2
19324 Villel de Mesa;Total;Total;Extranjero;0
19325 Viñuelas;Total;Total;Misma provincia;0
19325 Viñuelas;Total;Total;Misma comunidad autónoma, distinta provincia;0
19325 Viñuelas;Total;Total;Otra comunidad autónoma;0
19325 Viñuelas;Total;Total;Extranjero;0
19326 Yebes;Total;Total;Misma provincia;177
19326 Yebes;Total;Total;Misma comunidad autónoma, distinta provincia;18
19326 Yebes;Total;Total;Otra comunidad autónoma;143
19326 Yebes;Total;Total;Extranjero;44
19327 Yebra;Total;Total;Misma provincia;6
19327 Yebra;Total;Total;Misma comunidad autónoma, distinta provincia;0
19327 Yebra;Total;Total;Otra comunidad autónoma;22
19327 Yebra;Total;Total;Extranjero;0
19329 Yélamos de Abajo;Total;Total;Misma provincia;2
19329 Yélamos de Abajo;Total;Total;Misma comunidad autónoma, distinta provincia;0
19329 Yélamos de Abajo;Total;Total;Otra comunidad autónoma;2
19329 Yélamos de Abajo;Total;Total;Extranjero;0
19330 Yélamos de Arriba;Total;Total;Misma provincia;1
19330 Yélamos de Arriba;Total;Total;Misma comunidad autónoma, distinta provincia;0
19330 Yélamos de Arriba;Total;Total;Otra comunidad autónoma;0
19330 Yélamos de Arriba;Total;Total;Extranjero;0
19331 Yunquera de Henares;Total;Total;Misma provincia;130
19331 Yunquera de Henares;Total;Total;Misma comunidad autónoma, distinta provincia;7
19331 Yunquera de Henares;Total;Total;Otra comunidad autónoma;104
19331 Yunquera de Henares;Total;Total;Extranjero;19
19332 Yunta, La;Total;Total;Misma provincia;0
19332 Yunta, La;Total;Total;Misma comunidad autónoma, distinta provincia;0
19332 Yunta, La;Total;Total;Otra comunidad autónoma;1
19332 Yunta, La;Total;Total;Extranjero;1
19333 Zaorejas;Total;Total;Misma provincia;1
19333 Zaorejas;Total;Total;Misma comunidad autónoma, distinta provincia;0
19333 Zaorejas;Total;Total;Otra comunidad autónoma;2
19333 Zaorejas;Total;Total;Extranjero;0
19334 Zarzuela de Jadraque;Total;Total;Misma provincia;0
19334 Zarzuela de Jadraque;Total;Total;Misma comunidad autónoma, distinta provincia;0
19334 Zarzuela de Jadraque;Total;Total;Otra comunidad autónoma;0
19334 Zarzuela de Jadraque;Total;Total;Extranjero;0
19335 Zorita de los Canes;Total;Total;Misma provincia;7
19335 Zorita de los Canes;Total;Total;Misma comunidad autónoma, distinta provincia;0
19335 Zorita de los Canes;Total;Total;Otra comunidad autónoma;3
19335 Zorita de los Canes;Total;Total;Extranjero;0
